Id,Layer,Path,CreatedDate,CreatedUser,CreatedUserId,ModifiedDate,ModifiedUser,ModifiedUserId,Title,Description,dienthoai,diachi,thanhphoquanhuyen,phuongxa,vitritrenbando,donvi
5dfd6df6-d613-4e2e-9045-032c3b89ce42,ICTHCM_HCM_SIEUTHI,/root/vdms/tangthu/data/gisp/icthcm/customdata/icthcm_hcm_sieuthi/8d0040f0-e3ff-4ef5-88b1-c9117415a31b,2023-03-27T06:44:48.000Z,admin,2,2023-03-27T06:44:48.000Z,admin,2,B-smart,sieuthi_vdms_covid19.xlsx,,"99A Đường Huỳnh Khương An, Phường 5, Quận Gò Vấp, Thành Phố Hồ Chí Minh",Quận Gò Vấp,,"{""type"":""Point"",""coordinates"":[106.689295,10.822735]}",B-smart
73a27f7c-eaa3-4f53-88a4-cd00d47b6d58,ICTHCM_HCM_SIEUTHI,/root/vdms/tangthu/data/gisp/icthcm/customdata/icthcm_hcm_sieuthi/0ae44cc2-7100-4d83-8cf3-4a41a475a4d0,2023-03-27T06:44:50.000Z,admin,2,2023-03-27T06:44:50.000Z,admin,2,Siêu Thị Co.opmart (Cổng Lý Thường Kiệt),sieuthi_vdms_covid19.xlsx,,"Đường Lý Thường Kiệt, Phường 7, Quận 10, Thành Phố Hồ Chí Minh",Quận 10,,"{""type"":""Point"",""coordinates"":[106.661173,10.759873]}",Siêu Thị Co.opmart (Cổng Lý Thường Kiệt)
acd0ee8f-4ba2-4eaa-b2af-5546f0894450,ICTHCM_HCM_SIEUTHI,/root/vdms/tangthu/data/gisp/icthcm/customdata/icthcm_hcm_sieuthi/81236d56-6153-4a4b-902d-e65874ceee61,2023-03-27T06:45:26.000Z,admin,2,2023-03-27T06:45:26.000Z,admin,2,Siêu Thị BON Grocer,sieuthi_vdms_covid19.xlsx,,"Trung Tâm Thương Mại RomeA, 117 Đường Nguyễn Đình Chiểu, Phường 6, Quận 3, Thành Phố Hồ Chí Minh",Quận 3,,"{""type"":""Point"",""coordinates"":[106.690014,10.77832]}",Siêu Thị BON Grocer
eff7b4f6-efa9-441e-96ac-cadd7d3aa140,ICTHCM_HCM_SIEUTHI,/root/vdms/tangthu/data/gisp/icthcm/customdata/icthcm_hcm_sieuthi/fca31fde-e09f-4748-aad3-6e60c0ae2e47,2023-03-27T06:45:29.000Z,admin,2,2023-03-27T06:45:29.000Z,admin,2,Bách Hóa Xanh,sieuthi_vdms_covid19.xlsx,,"14 Đường Số 2, Phường Bình Hưng Hòa, Quận Bình Tân, Thành Phố Hồ Chí Minh",Quận Bình Tân,,"{""type"":""Point"",""coordinates"":[106.60107,10.810004]}",Bách Hóa Xanh
1669778e-0f45-4b3d-a65f-569b5bdef5b4,ICTHCM_HCM_SIEUTHI,/root/vdms/tangthu/data/gisp/icthcm/customdata/icthcm_hcm_sieuthi/25cae4d6-c11f-4519-ab0e-bdc588b2d2a1,2023-03-27T06:45:32.000Z,admin,2,2023-03-27T06:45:32.000Z,admin,2,Siêu Thị Nhật Bản,sieuthi_vdms_covid19.xlsx,,"S16-1 Sky Garden Đường Nguyễn Văn Linh, Phường Tân Phong, Quận 7, Thành Phố Hồ Chí Minh",Quận 7,,"{""type"":""Point"",""coordinates"":[106.705846,10.729199]}",Siêu Thị Nhật Bản
df4b3f04-0f8c-45d4-9116-22db82dc65b5,ICTHCM_HCM_SIEUTHI,/root/vdms/tangthu/data/gisp/icthcm/customdata/icthcm_hcm_sieuthi/a2b0c001-41c8-417e-a8f2-97fe9a0a3058,2023-03-27T06:45:33.000Z,admin,2,2023-03-27T06:45:33.000Z,admin,2,Siêu Thị Điện Máy Nội Thất Chợ Lớn,sieuthi_vdms_covid19.xlsx,,"Đường Kinh Dương Vương, Phường An Lạc, Quận Bình Tân, Thành Phố Hồ Chí Minh",Quận Bình Tân,,"{""type"":""Point"",""coordinates"":[106.60881,10.729089]}",Siêu Thị Điện Máy Nội Thất Chợ Lớn
5793d291-3113-4686-bd61-8ef9be7bde30,ICTHCM_HCM_SIEUTHI,/root/vdms/tangthu/data/gisp/icthcm/customdata/icthcm_hcm_sieuthi/e502445b-e156-445b-b18e-74b6e55ccb03,2023-03-27T06:45:33.000Z,admin,2,2023-03-27T06:45:33.000Z,admin,2,Thế Giới Di Động,sieuthi_vdms_covid19.xlsx,,"Quốc Lộ 1, Phường Tân Thới Hiệp, Quận 12, Thành Phố Hồ Chí Minh",Quận 12,,"{""type"":""Point"",""coordinates"":[106.639246,10.856685]}",Thế Giới Di Động
b37a5565-4cca-4457-addb-c2fb9b4b6e00,ICTHCM_HCM_SIEUTHI,/root/vdms/tangthu/data/gisp/icthcm/customdata/icthcm_hcm_sieuthi/fea47add-f89d-47aa-9c42-019c362e350d,2023-03-27T06:45:50.000Z,admin,2,2023-03-27T06:45:50.000Z,admin,2,Trung Tâm Mua Sắm Nam Sài Gòn,sieuthi_vdms_covid19.xlsx,,"E5/5B - E5/5C Đường Nguyễn Hữu Trí, Thị Trấn Tân Túc, Huyện Bình Chánh, Thành Phố Hồ Chí Minh",Huyện Bình Chánh,,"{""type"":""Point"",""coordinates"":[106.587815,10.695248]}",Trung Tâm Mua Sắm Nam Sài Gòn
bd3f41b8-7cc6-4d94-b836-4a2ca90dfc88,ICTHCM_HCM_SIEUTHI,/root/vdms/tangthu/data/gisp/icthcm/customdata/icthcm_hcm_sieuthi/8e0190ee-7dce-47f0-9272-4a05cd038855,2023-03-27T06:45:53.000Z,admin,2,2023-03-27T06:45:53.000Z,admin,2,Bách Hóa Xanh,sieuthi_vdms_covid19.xlsx,,"245A Đường Nguyễn Thị Tú, Phường Bình Hưng Hòa B, Quận Bình Tân, Thành Phố Hồ Chí Minh",Quận Bình Tân,,"{""type"":""Point"",""coordinates"":[106.593011,10.815479]}",Bách Hóa Xanh
a2f8ea08-dd07-4653-8139-322f778a1291,ICTHCM_HCM_SIEUTHI,/root/vdms/tangthu/data/gisp/icthcm/customdata/icthcm_hcm_sieuthi/0532791b-d93f-46e6-b63b-a33069e1b6f9,2023-03-27T06:45:56.000Z,admin,2,2023-03-27T06:45:56.000Z,admin,2,Siêu Thị Family,sieuthi_vdms_covid19.xlsx,54101123-54101125,"D1-09 Khu Phố Mỹ Toàn 3 Đường Nguyễn Văn Linh, Phường Tân Phong, Quận 7, Thành Phố Hồ Chí Minh",Quận 7,,"{""type"":""Point"",""coordinates"":[106.708033,10.729257]}",Siêu Thị Family
9f8fc0f2-2dfa-466a-a1c6-b2164518bf7c,ICTHCM_HCM_SIEUTHI,/root/vdms/tangthu/data/gisp/icthcm/customdata/icthcm_hcm_sieuthi/7b17bd47-bf31-46b0-a2c1-3f95f718028e,2023-03-27T06:45:57.000Z,admin,2,2023-03-27T06:45:57.000Z,admin,2,Co.op Food,sieuthi_vdms_covid19.xlsx,,"62 Đường số 44, Phường 10, Quận 6, Thành Phố Hồ Chí Minh",Quận 6,,"{""type"":""Point"",""coordinates"":[106.625056,10.736099]}",Co.op Food
15845085-f8d5-4ce6-b331-68670f7b7589,ICTHCM_HCM_SIEUTHI,/root/vdms/tangthu/data/gisp/icthcm/customdata/icthcm_hcm_sieuthi/5fcd1ee6-d243-4ff2-9317-d7b89adbb4bc,2023-03-27T06:46:00.000Z,admin,2,2023-03-27T06:46:00.000Z,admin,2,Siêu Thị Trang Trí Nội Thất Thái Lan - Index Living Mall,sieuthi_vdms_covid19.xlsx,,"Cao Ốc H2 Hoàng Diệu, 196 Đường Hoàng Diệu, Phường 8, Quận 4, Thành Phố Hồ Chí Minh",Quận 4,,"{""type"":""Point"",""coordinates"":[106.702166,10.762281]}",Siêu Thị Trang Trí Nội Thất Thái Lan - Index Living Mall
02e5a765-f615-4abf-a2ba-c5ff413c7683,ICTHCM_HCM_SIEUTHI,/root/vdms/tangthu/data/gisp/icthcm/customdata/icthcm_hcm_sieuthi/72ca45ff-ef45-4a75-9683-5734a7e6efc2,2023-03-27T06:46:10.000Z,admin,2,2023-03-27T06:46:10.000Z,admin,2,Siêu Thị Nội Thất Hà Nam,sieuthi_vdms_covid19.xlsx,,"126-128 Đường Nguyễn Xí, Phường 26, Quận Bình Thạnh, Thành Phố Hồ Chí Minh",Quận Bình Thạnh,,"{""type"":""Point"",""coordinates"":[106.709276,10.81366]}",Siêu Thị Nội Thất Hà Nam
484ccf28-c7d0-410b-baae-cfacffef8d6f,ICTHCM_HCM_SIEUTHI,/root/vdms/tangthu/data/gisp/icthcm/customdata/icthcm_hcm_sieuthi/cb767b35-d03d-48cc-b53c-210d26dc73c6,2023-03-27T06:46:12.000Z,admin,2,2023-03-27T06:46:12.000Z,admin,2,Bsmart,sieuthi_vdms_covid19.xlsx,,"Đường Khuôn Việt, Phường Phú Trung, Quận Tân Phú, Thành Phố Hồ Chí Minh",Quận Tân Phú,,"{""type"":""Point"",""coordinates"":[106.642232,10.780107]}",Bsmart
7fc29428-5248-4a71-8c64-fc281704d9e2,ICTHCM_HCM_SIEUTHI,/root/vdms/tangthu/data/gisp/icthcm/customdata/icthcm_hcm_sieuthi/7c7e3994-6770-4924-8abe-ec794f9bcbbc,2023-03-27T06:46:14.000Z,admin,2,2023-03-27T06:46:14.000Z,admin,2,Vinmart,sieuthi_vdms_covid19.xlsx,,"91 Đường Điện Biên Phủ, Phường Đa Kao, Quận 1, Thành Phố Hồ Chí Minh",Quận 1,,"{""type"":""Point"",""coordinates"":[106.696687,10.789432]}",Vinmart
cce60588-b11d-4bfb-84a5-78005615ae3a,ICTHCM_HCM_SIEUTHI,/root/vdms/tangthu/data/gisp/icthcm/customdata/icthcm_hcm_sieuthi/83e74f1a-c56c-41de-9dc8-47a1535e50d4,2023-03-27T06:46:25.000Z,admin,2,2023-03-27T06:46:25.000Z,admin,2,Siêu Thị Tại Gia,sieuthi_vdms_covid19.xlsx,,"733 Đường Kinh Dương Vương, Phường An Lạc, Quận Bình Tân, Thành Phố Hồ Chí Minh",Quận Bình Tân,,"{""type"":""Point"",""coordinates"":[106.607592,10.728265]}",Siêu Thị Tại Gia
435abb50-ce8b-4124-9587-578d226d123f,ICTHCM_HCM_SIEUTHI,/root/vdms/tangthu/data/gisp/icthcm/customdata/icthcm_hcm_sieuthi/6e8e9c8f-cc01-4d1f-bd2e-274925cfabaf,2023-03-27T06:46:27.000Z,admin,2,2023-03-27T06:46:27.000Z,admin,2,Siêu Thị Hando Mart,sieuthi_vdms_covid19.xlsx,37711157-37754338,"80-82 Đường Số 17, Phường Tân Kiểng, Quận 7, Thành Phố Hồ Chí Minh",Quận 7,,"{""type"":""Point"",""coordinates"":[106.71231,10.744997]}",Siêu Thị Hando Mart
1b95e5d8-6a70-4d2d-9a73-574f96d50d36,ICTHCM_HCM_SIEUTHI,/root/vdms/tangthu/data/gisp/icthcm/customdata/icthcm_hcm_sieuthi/b0a30046-7b7e-4739-ac59-e8f2927e3f22,2023-03-27T06:46:32.000Z,admin,2,2023-03-27T06:46:32.000Z,admin,2,Siêu Thị Suối Tiên - VITIMART,sieuthi_vdms_covid19.xlsx,,"Quốc Lộ 52, Phường Tân Phú, Quận 9, Thành Phố Hồ Chí Minh",Quận 9,,"{""type"":""Point"",""coordinates"":[106.803144,10.866977]}",Siêu Thị Suối Tiên - VITIMART
252f8bef-ea3b-4f3a-b065-20914f515268,ICTHCM_HCM_SIEUTHI,/root/vdms/tangthu/data/gisp/icthcm/customdata/icthcm_hcm_sieuthi/059c1f19-e289-4547-a28d-f8458179931c,2023-03-27T06:46:36.000Z,admin,2,2023-03-27T06:46:36.000Z,admin,2,Siêu Thị VinMart,sieuthi_vdms_covid19.xlsx,18006968,"Đường Số 48, Phường 3, Quận 4, Thành Phố Hồ Chí Minh",Quận 4,,"{""type"":""Point"",""coordinates"":[106.70033,10.756353]}",Siêu Thị VinMart
fdce95ad-2266-4d54-b7ad-9bea1288d5c9,ICTHCM_HCM_SIEUTHI,/root/vdms/tangthu/data/gisp/icthcm/customdata/icthcm_hcm_sieuthi/4d22452d-2769-4aa9-a67f-f39c5054f1fa,2023-03-27T06:46:37.000Z,admin,2,2023-03-27T06:46:37.000Z,admin,2,Siêu Thị Fivimart,sieuthi_vdms_covid19.xlsx,54110102-54110106,"Thiên Sơn Plaza, 800 Đường Nguyễn Văn Linh, Phường Tân Phú, Quận 7, Thành Phố Hồ Chí Minh",Quận 7,,"{""type"":""Point"",""coordinates"":[106.719432,10.731529]}",Siêu Thị Fivimart
b14af9d8-ed73-4524-a117-0f27bc9e4326,ICTHCM_HCM_SIEUTHI,/root/vdms/tangthu/data/gisp/icthcm/customdata/icthcm_hcm_sieuthi/f9d68984-e7e8-424a-8d49-6e537a1eb6b1,2023-03-27T06:46:43.000Z,admin,2,2023-03-27T06:46:43.000Z,admin,2,Bách Hóa Xanh,sieuthi_vdms_covid19.xlsx,,"29 Đường Ao Đôi, Phường Bình Trị Đông A, Quận Bình Tân, Thành Phố Hồ Chí Minh",Quận Bình Tân,,"{""type"":""Point"",""coordinates"":[106.599499,10.774317]}",Bách Hóa Xanh
a60487c1-5fc3-4624-a42c-c63bc1cef9c8,ICTHCM_HCM_SIEUTHI,/root/vdms/tangthu/data/gisp/icthcm/customdata/icthcm_hcm_sieuthi/041bfbd9-248f-4655-b992-62eae6f925e2,2023-03-27T06:44:36.000Z,admin,2,2023-03-27T06:44:36.000Z,admin,2,Siêu Thị CO.OP Mart,sieuthi_vdms_covid19.xlsx,,"974A Đường Trường Sa, Phường 12, Quận 3, Thành Phố Hồ Chí Minh",Quận 3,,"{""type"":""Point"",""coordinates"":[106.6754,10.786351]}",Siêu Thị CO.OP Mart
6859fd28-740b-4231-9dfd-456712e08489,ICTHCM_HCM_SIEUTHI,/root/vdms/tangthu/data/gisp/icthcm/customdata/icthcm_hcm_sieuthi/5af91b3b-c9cb-4004-a81a-94360c4d55f9,2023-03-27T06:44:37.000Z,admin,2,2023-03-27T06:44:37.000Z,admin,2,VinMart,sieuthi_vdms_covid19.xlsx,,"602/12 (Số Cũ 569/12) Đường Điện Biên Phủ, Phường 22, Quận Bình Thạnh, Thành Phố Hồ Chí Minh",Quận Bình Thạnh,,"{""type"":""Point"",""coordinates"":[106.717805,10.798945]}",VinMart
da43c5db-4165-45d5-8bbd-401e2d542bdd,ICTHCM_HCM_SIEUTHI,/root/vdms/tangthu/data/gisp/icthcm/customdata/icthcm_hcm_sieuthi/0330a2fc-ab5d-443d-b817-8b8a1b4c6d52,2023-03-27T06:44:38.000Z,admin,2,2023-03-27T06:44:38.000Z,admin,2,Mega Market,sieuthi_vdms_covid19.xlsx,,"Đường Bình Phú, Phường 11, Quận 6, Thành Phố Hồ Chí Minh",Quận 6,,"{""type"":""Point"",""coordinates"":[106.630156,10.742247]}",Mega Market
b4e47cdb-3ee9-441b-80e0-f2dd7fdd86a7,ICTHCM_HCM_SIEUTHI,/root/vdms/tangthu/data/gisp/icthcm/customdata/icthcm_hcm_sieuthi/b0f9b730-f7b2-4b84-aa72-8330b2d72e2e,2023-03-27T06:44:38.000Z,admin,2,2023-03-27T06:44:38.000Z,admin,2,Chi Nhánh 2 Công Ty Trách Nhiệm Hữu Hạn Đinh Huy Hoàng - Siêu Thị Điện Máy Đinh Huy Hoàng,sieuthi_vdms_covid19.xlsx,,"41 Đường Nguyễn Thị Tú, Phường Bình Hưng Hòa B, Quận Bình Tân, Thành Phố Hồ Chí Minh",Quận Bình Tân,,"{""type"":""Point"",""coordinates"":[106.599331,10.815988]}",Chi Nhánh 2 Công Ty Trách Nhiệm Hữu Hạn Đinh Huy Hoàng - Siêu Thị Điện Máy Đinh Huy Hoàng
44e22219-9f9b-400d-90eb-3c4bb01be134,ICTHCM_HCM_SIEUTHI,/root/vdms/tangthu/data/gisp/icthcm/customdata/icthcm_hcm_sieuthi/0fd51c9b-3fa2-4f95-8b13-f0adadf1cd55,2023-03-27T06:44:40.000Z,admin,2,2023-03-27T06:44:40.000Z,admin,2,Siêu Thị Sách Nhân Văn,sieuthi_vdms_covid19.xlsx,62676517,"139 Đường Tân Hương, Phường Tân Quý, Quận Tân Phú, Thành Phố Hồ Chí Minh",Quận Tân Phú,,"{""type"":""Point"",""coordinates"":[106.624656,10.789664]}",Siêu Thị Sách Nhân Văn
f11790be-2187-4158-8868-8df6b26861d7,ICTHCM_HCM_SIEUTHI,/root/vdms/tangthu/data/gisp/icthcm/customdata/icthcm_hcm_sieuthi/6daeca7a-72df-4712-9bfd-3f0a1e823abe,2023-03-27T06:44:43.000Z,admin,2,2023-03-27T06:44:43.000Z,admin,2,FamilyMart,sieuthi_vdms_covid19.xlsx,,"Đường Điện Biên Phủ, Phường 17, Quận Bình Thạnh, Thành Phố Hồ Chí Minh",Quận Bình Thạnh,,"{""type"":""Point"",""coordinates"":[106.70717,10.799709]}",FamilyMart
626b4b69-bf37-4914-9b28-cbb7c3ff4d00,ICTHCM_HCM_SIEUTHI,/root/vdms/tangthu/data/gisp/icthcm/customdata/icthcm_hcm_sieuthi/60bb1c8d-949a-4440-9a40-1db4b9877cac,2023-03-27T06:44:44.000Z,admin,2,2023-03-27T06:44:44.000Z,admin,2,Siêu Thị Co.op Mart,sieuthi_vdms_covid19.xlsx,,"Tòa nhà Pearl Plaza, 561A Đường Điện Biên Phủ, Phường 25, Quận Bình Thạnh, Thành Phố Hồ Chí Minh",Quận Bình Thạnh,,"{""type"":""Point"",""coordinates"":[106.718403,10.799626]}",Siêu Thị Co.op Mart
1049873a-05ec-46e9-a6cd-515301c170a2,ICTHCM_HCM_SIEUTHI,/root/vdms/tangthu/data/gisp/icthcm/customdata/icthcm_hcm_sieuthi/19cec3ac-ab9c-4996-a928-7b5878d2139d,2023-03-27T06:44:49.000Z,admin,2,2023-03-27T06:44:49.000Z,admin,2,Citimart,sieuthi_vdms_covid19.xlsx,,"ACM, 96 Đường Cao Thắng, Phường 4, Quận 3, Thành Phố Hồ Chí Minh",Quận 3,,"{""type"":""Point"",""coordinates"":[106.680669,10.771358]}",Citimart
8ca0f7a9-45da-4ed1-9b17-9456df0e4f70,ICTHCM_HCM_SIEUTHI,/root/vdms/tangthu/data/gisp/icthcm/customdata/icthcm_hcm_sieuthi/64212bfe-9821-41f1-bd3b-1220765ea36c,2023-03-27T06:44:49.000Z,admin,2,2023-03-27T06:44:49.000Z,admin,2,Siêu Thị Auchan (Cổng Trường Sơn),sieuthi_vdms_covid19.xlsx,39778890,"11 Đường Trường Sơn, Phường 15, Quận 10, Thành Phố Hồ Chí Minh",Quận 10,,"{""type"":""Point"",""coordinates"":[106.665612,10.783983]}",Siêu Thị Auchan (Cổng Trường Sơn)
3b059fac-b5ec-435c-affc-48eb98b30cdf,ICTHCM_HCM_SIEUTHI,/root/vdms/tangthu/data/gisp/icthcm/customdata/icthcm_hcm_sieuthi/97d137e6-56fa-4105-85d0-63b969de88de,2023-03-27T06:44:35.000Z,admin,2,2023-03-27T06:44:35.000Z,admin,2,Siêu Thị Aeon Citimart,sieuthi_vdms_covid19.xlsx,,"21-23 Đường Nguyễn Thị Minh Khai, Phường Bến Nghé, Quận 1, Thành Phố Hồ Chí Minh",Quận 1,,"{""type"":""Point"",""coordinates"":[106.699507,10.784357]}",Siêu Thị Aeon Citimart
e57ad9d6-4646-42a5-b66d-11ef84bda74d,ICTHCM_HCM_SIEUTHI,/root/vdms/tangthu/data/gisp/icthcm/customdata/icthcm_hcm_sieuthi/c8823b5d-1710-4ff8-9acd-c99f8e165a02,2023-03-27T06:44:37.000Z,admin,2,2023-03-27T06:44:37.000Z,admin,2,Lotte Mart,sieuthi_vdms_covid19.xlsx,,"Đường Quách Văn Tuấn, Phường 12, Quận Tân Bình, Thành Phố Hồ Chí Minh",Quận Tân Bình,,"{""type"":""Point"",""coordinates"":[106.65264,10.800926]}",Lotte Mart
a712a8fb-0cfa-4b43-81d6-d1ff973f68e1,ICTHCM_HCM_SIEUTHI,/root/vdms/tangthu/data/gisp/icthcm/customdata/icthcm_hcm_sieuthi/c2f8c793-57e6-4b1a-a69f-cd5cd9581a9d,2023-03-27T06:44:37.000Z,admin,2,2023-03-27T06:44:37.000Z,admin,2,Siêu Thị Co.op Mart,sieuthi_vdms_covid19.xlsx,,"571-573 Đường Nguyễn Kiệm, Phường 9, Quận Phú Nhuận, Thành Phố Hồ Chí Minh",Quận Phú Nhuận,,"{""type"":""Point"",""coordinates"":[106.678439,10.80885]}",Siêu Thị Co.op Mart
8b0ee192-6ce2-4a44-a53c-6e159009bd63,ICTHCM_HCM_SIEUTHI,/root/vdms/tangthu/data/gisp/icthcm/customdata/icthcm_hcm_sieuthi/495f734b-d1a3-4f3b-9c68-fca9fdab2ad8,2023-03-27T06:44:40.000Z,admin,2,2023-03-27T06:44:40.000Z,admin,2,Siêu Thị Co.opMart (Cổng Nguyễn Đình Chiểu),sieuthi_vdms_covid19.xlsx,,"168 Đường Nguyễn Đình Chiểu, Phường 6, Quận 3, Thành Phố Hồ Chí Minh",Quận 3,,"{""type"":""Point"",""coordinates"":[106.692672818899,10.7813957678884]}",Siêu Thị Co.opMart (Cổng Nguyễn Đình Chiểu)
21e2eb1f-ddb3-4d25-818e-871002138e09,ICTHCM_HCM_SIEUTHI,/root/vdms/tangthu/data/gisp/icthcm/customdata/icthcm_hcm_sieuthi/110735c9-cbce-433c-934a-7afe5a9c5a89,2023-03-27T06:44:40.000Z,admin,2,2023-03-27T06:44:40.000Z,admin,2,Siêu Thị S.Mart,sieuthi_vdms_covid19.xlsx,,"520A Đường Lê Văn Sỹ, Phường 14, Quận 3, Thành Phố Hồ Chí Minh",Quận 3,,"{""type"":""Point"",""coordinates"":[106.674428301897,10.7898343779625]}",Siêu Thị S.Mart
43fef4a4-7ece-42c6-9d10-88c66f76fecf,ICTHCM_HCM_SIEUTHI,/root/vdms/tangthu/data/gisp/icthcm/customdata/icthcm_hcm_sieuthi/6559a54b-0b13-4ffa-b98a-ceb9f203598d,2023-03-27T06:44:41.000Z,admin,2,2023-03-27T06:44:41.000Z,admin,2,Siêu Thị Điện Máy Thiên Hòa,sieuthi_vdms_covid19.xlsx,,"Đường Cách Mạng Tháng Tám, Phường 12, Quận 10, Thành Phố Hồ Chí Minh",Quận 10,,"{""type"":""Point"",""coordinates"":[106.681143,10.778028]}",Siêu Thị Điện Máy Thiên Hòa
25a59b9d-5bbe-43ac-9a99-565fbe0b6e3e,ICTHCM_HCM_SIEUTHI,/root/vdms/tangthu/data/gisp/icthcm/customdata/icthcm_hcm_sieuthi/5ebdf6f4-9edc-45f5-95c0-bee376894497,2023-03-27T06:44:45.000Z,admin,2,2023-03-27T06:44:45.000Z,admin,2,Siêu Thị Auchan (Cổng Hồ Bá Kiện),sieuthi_vdms_covid19.xlsx,,"Đường Hồ Bá Kiện, Phường 15, Quận 10, Thành Phố Hồ Chí Minh",Quận 10,,"{""type"":""Point"",""coordinates"":[106.665704,10.783792]}",Siêu Thị Auchan (Cổng Hồ Bá Kiện)
5c685793-a222-4719-825e-5ae908c3aa73,ICTHCM_HCM_SIEUTHI,/root/vdms/tangthu/data/gisp/icthcm/customdata/icthcm_hcm_sieuthi/7c151089-bc9c-4b91-bb92-7b46f0667851,2023-03-27T06:45:11.000Z,admin,2,2023-03-27T06:45:11.000Z,admin,2,Siêu Thị Sài Gòn Parkland,sieuthi_vdms_covid19.xlsx,38989000,"628A Đường An Bình, Phường An Phú, Quận 2, Thành Phố Hồ Chí Minh",Quận 2,,"{""type"":""Point"",""coordinates"":[106.749698525147,10.8039482580897]}",Siêu Thị Sài Gòn Parkland
59b513d5-97f0-44d9-8551-acea1966e6de,ICTHCM_HCM_SIEUTHI,/root/vdms/tangthu/data/gisp/icthcm/customdata/icthcm_hcm_sieuthi/2d6f9c90-38cf-4371-b551-ce1663bb7e84,2023-03-27T06:45:12.000Z,admin,2,2023-03-27T06:45:12.000Z,admin,2,Bách Hóa Xanh,sieuthi_vdms_covid19.xlsx,,"Đường Tên Lửa, Phường Bình Trị Đông B, Quận Bình Tân, Thành Phố Hồ Chí Minh",Quận Bình Tân,,"{""type"":""Point"",""coordinates"":[106.606087,10.756626]}",Bách Hóa Xanh
760bd86e-6112-41df-a1d8-27c71f433d7d,ICTHCM_HCM_SIEUTHI,/root/vdms/tangthu/data/gisp/icthcm/customdata/icthcm_hcm_sieuthi/4c474f01-ca4d-40ab-be1f-7133fdd0598d,2023-03-27T06:45:12.000Z,admin,2,2023-03-27T06:45:12.000Z,admin,2,Siêu Thị Co.op Mart,sieuthi_vdms_covid19.xlsx,,"192 Đường Hậu Giang, Phường 6, Quận 6, Thành Phố Hồ Chí Minh",Quận 6,,"{""type"":""Point"",""coordinates"":[106.643096,10.74983]}",Siêu Thị Co.op Mart
cf80fb44-8fa6-4e90-a3b2-10cff4848bc3,ICTHCM_HCM_SIEUTHI,/root/vdms/tangthu/data/gisp/icthcm/customdata/icthcm_hcm_sieuthi/ace8e22c-b00f-4dbc-ac24-2f9fa52a01f7,2023-03-27T06:45:34.000Z,admin,2,2023-03-27T06:45:34.000Z,admin,2,Siêu Thị VinMart,sieuthi_vdms_covid19.xlsx,,"Đường Dương Đình Nghệ, Phường 8, Quận 11, Thành Phố Hồ Chí Minh",Quận 11,,"{""type"":""Point"",""coordinates"":[106.650126,10.762393]}",Siêu Thị VinMart
f20b178e-a87d-4602-b41f-79209e55cf7d,ICTHCM_HCM_SIEUTHI,/root/vdms/tangthu/data/gisp/icthcm/customdata/icthcm_hcm_sieuthi/f0574a49-50de-4849-971f-8fc4c179edfc,2023-03-27T06:45:53.000Z,admin,2,2023-03-27T06:45:53.000Z,admin,2,Siêu Thị 12g Mỹ Anh,sieuthi_vdms_covid19.xlsx,,"82 Đường Đoàn Hồng Phước, Phường Hòa Thạnh, Quận Tân Phú, Thành Phố Hồ Chí Minh",Quận Tân Phú,,"{""type"":""Point"",""coordinates"":[106.636322,10.777613]}",Siêu Thị 12g Mỹ Anh
d60daf1d-d7e5-4ee1-8c30-d261a282533d,ICTHCM_HCM_SIEUTHI,/root/vdms/tangthu/data/gisp/icthcm/customdata/icthcm_hcm_sieuthi/7e60c731-b89b-4ade-a9e4-0cbb3e6c2df8,2023-03-27T06:45:54.000Z,admin,2,2023-03-27T06:45:54.000Z,admin,2,Công Ty Trách Nhiệm Hữu Hạn B-S Mart,sieuthi_vdms_covid19.xlsx,,"53 Đường Lê Thúc Hoạch, Phường Phú Thọ Hòa, Quận Tân Phú, Thành Phố Hồ Chí Minh",Quận Tân Phú,,"{""type"":""Point"",""coordinates"":[106.624419,10.786859]}",Công Ty Trách Nhiệm Hữu Hạn B-S Mart
74108250-318f-4bf4-8d1f-ba1c6f09a86f,ICTHCM_HCM_SIEUTHI,/root/vdms/tangthu/data/gisp/icthcm/customdata/icthcm_hcm_sieuthi/31d77dce-4312-448d-a96a-349b1b051aed,2023-03-27T06:45:54.000Z,admin,2,2023-03-27T06:45:54.000Z,admin,2,Satra Mart - Siêu Thi Tax,sieuthi_vdms_covid19.xlsx,,"Lucky Plaza, 38 Đường Nguyễn Huệ, Phường Bến Nghé, Quận 1, Thành Phố Hồ Chí Minh",Quận 1,,"{""type"":""Point"",""coordinates"":[106.704307,10.773779]}",Satra Mart - Siêu Thi Tax
015616d3-94f2-4fd8-b906-0cf8739641ec,ICTHCM_HCM_SIEUTHI,/root/vdms/tangthu/data/gisp/icthcm/customdata/icthcm_hcm_sieuthi/470beeec-f245-471d-ab5e-73222bd520ec,2023-03-27T06:46:04.000Z,admin,2,2023-03-27T06:46:04.000Z,admin,2,Siêu Thị Titan I,sieuthi_vdms_covid19.xlsx,37583817,"A30/16 Đường Phạm Hùng, Phường 4, Quận 8, Thành Phố Hồ Chí Minh",Quận 8,,"{""type"":""Point"",""coordinates"":[106.669828444719,10.7389899371233]}",Siêu Thị Titan I
6cb4363d-ce2e-4787-9b48-fdf884540e60,ICTHCM_HCM_SIEUTHI,/root/vdms/tangthu/data/gisp/icthcm/customdata/icthcm_hcm_sieuthi/201f4f65-37f9-4dcc-9725-e4efc54e191c,2023-03-27T06:46:05.000Z,admin,2,2023-03-27T06:46:05.000Z,admin,2,Siêu Thị Văn Hóa Phước Bình,sieuthi_vdms_covid19.xlsx,,"57K Đường Đại Lộ 2, Phường Phước Bình, Quận 9, Thành Phố Hồ Chí Minh",Quận 9,,"{""type"":""Point"",""coordinates"":[106.770786,10.817129]}",Siêu Thị Văn Hóa Phước Bình
2ff1d6b7-dad9-45a7-8371-a4031f152cf1,ICTHCM_HCM_SIEUTHI,/root/vdms/tangthu/data/gisp/icthcm/customdata/icthcm_hcm_sieuthi/1dedf1ad-779e-4148-b503-e908bd9fd567,2023-03-27T06:46:06.000Z,admin,2,2023-03-27T06:46:06.000Z,admin,2,Akuruhi Supermarket,sieuthi_vdms_covid19.xlsx,,"5 Đường Lê Thánh Tôn, Phường Bến Nghé, Quận 1, Thành Phố Hồ Chí Minh",Quận 1,,"{""type"":""Point"",""coordinates"":[106.705748,10.781728]}",Akuruhi Supermarket
af8d7eeb-3fe6-4afe-95b3-cccd171b4a7d,ICTHCM_HCM_SIEUTHI,/root/vdms/tangthu/data/gisp/icthcm/customdata/icthcm_hcm_sieuthi/9f058c06-1e97-463e-9cbf-6d673ce37e94,2023-03-27T06:46:13.000Z,admin,2,2023-03-27T06:46:13.000Z,admin,2,Siêu Thị Vật Liệu Xây Nhà,sieuthi_vdms_covid19.xlsx,,"112 Đường Số 7, Phường Bình Trị Đông B, Quận Bình Tân, Thành Phố Hồ Chí Minh",Quận Bình Tân,,"{""type"":""Point"",""coordinates"":[106.613389,10.751913]}",Siêu Thị Vật Liệu Xây Nhà
66882688-b0ee-4e86-9b48-57b0513e4573,ICTHCM_HCM_SIEUTHI,/root/vdms/tangthu/data/gisp/icthcm/customdata/icthcm_hcm_sieuthi/e1d25679-500e-460e-8932-64b13556a72a,2023-03-27T06:46:15.000Z,admin,2,2023-03-27T06:46:15.000Z,admin,2,Siêu Thị 7 Map,sieuthi_vdms_covid19.xlsx,,"442 Đường Kinh Dương Vương, Phường An Lạc A, Quận Bình Tân, Thành Phố Hồ Chí Minh",Quận Bình Tân,,"{""type"":""Point"",""coordinates"":[106.617413,10.740592]}",Siêu Thị 7 Map
5284427d-0e94-4eaa-a416-4e6e300c4787,ICTHCM_HCM_SIEUTHI,/root/vdms/tangthu/data/gisp/icthcm/customdata/icthcm_hcm_sieuthi/14e26a11-52f1-4f34-b8b8-9e78ad6909aa,2023-03-27T06:46:15.000Z,admin,2,2023-03-27T06:46:15.000Z,admin,2,Satra Mart,sieuthi_vdms_covid19.xlsx,,"2 Đường Lê Thị Riêng, Phường Bến Thành, Quận 1, Thành Phố Hồ Chí Minh",Quận 1,,"{""type"":""Point"",""coordinates"":[106.693073809147,10.7714226470526]}",Satra Mart
a8a19173-0b71-49b8-9c74-6fa765ded0d9,ICTHCM_HCM_SIEUTHI,/root/vdms/tangthu/data/gisp/icthcm/customdata/icthcm_hcm_sieuthi/afff4ed4-c70b-4ccc-83d7-1a4782aa23d5,2023-03-27T06:46:20.000Z,admin,2,2023-03-27T06:46:20.000Z,admin,2,Siêu Thị Co.op Mart,sieuthi_vdms_covid19.xlsx,,"Đường Hùng Vương, Phường 9, Quận 5, Thành Phố Hồ Chí Minh",Quận 5,,"{""type"":""Point"",""coordinates"":[106.671534,10.759065]}",Siêu Thị Co.op Mart
bbb2405c-11e9-4da4-bde3-7bcd7e5217c0,ICTHCM_HCM_SIEUTHI,/root/vdms/tangthu/data/gisp/icthcm/customdata/icthcm_hcm_sieuthi/42598225-04cb-4b1f-8fb6-28d37b21cdb2,2023-03-27T06:46:22.000Z,admin,2,2023-03-27T06:46:22.000Z,admin,2,Siêu Thị Co.opMart Rạch Miễu,sieuthi_vdms_covid19.xlsx,35171368,"48 Lô C Đường Hoa Sứ, Phường 7, Quận Phú Nhuận, Thành Phố Hồ Chí Minh",Quận Phú Nhuận,,"{""type"":""Point"",""coordinates"":[106.688915,10.798738]}",Siêu Thị Co.opMart Rạch Miễu
b6238a9e-03c8-430a-a2d0-a7cb0ee21347,ICTHCM_HCM_SIEUTHI,/root/vdms/tangthu/data/gisp/icthcm/customdata/icthcm_hcm_sieuthi/ae44851b-1c93-493d-b488-1341d5c7130c,2023-03-27T06:46:24.000Z,admin,2,2023-03-27T06:46:24.000Z,admin,2,Siêu Thị Nga,sieuthi_vdms_covid19.xlsx,0915233939,"213 Đường Nguyễn Cư Trinh, Phường Nguyễn Cư Trinh, Quận 1, Thành Phố Hồ Chí Minh",Quận 1,,"{""type"":""Point"",""coordinates"":[106.686672,10.762486]}",Siêu Thị Nga
23845637-9004-4023-951e-239de112c340,ICTHCM_HCM_SIEUTHI,/root/vdms/tangthu/data/gisp/icthcm/customdata/icthcm_hcm_sieuthi/8955e63b-0dc4-4dd8-be09-f65c3e7d9d97,2023-03-27T06:46:25.000Z,admin,2,2023-03-27T06:46:25.000Z,admin,2,Siêu Thị Emart,sieuthi_vdms_covid19.xlsx,,"Đường Phan Văn Trị, Phường 5, Quận Gò Vấp, Thành Phố Hồ Chí Minh",Quận Gò Vấp,,"{""type"":""Point"",""coordinates"":[106.692846,10.823115]}",Siêu Thị Emart
dc5c67bb-9f18-47a1-8900-ed32f0c8c76e,ICTHCM_HCM_SIEUTHI,/root/vdms/tangthu/data/gisp/icthcm/customdata/icthcm_hcm_sieuthi/0c907aa2-9fdd-431b-933a-9ec8b5b2ebae,2023-03-27T06:46:35.000Z,admin,2,2023-03-27T06:46:35.000Z,admin,2,Thế Giới Di Động,sieuthi_vdms_covid19.xlsx,,"Đường Phan Anh, Phường Hiệp Tân, Quận Tân Phú, Thành Phố Hồ Chí Minh",Quận Tân Phú,,"{""type"":""Point"",""coordinates"":[106.621601,10.773432]}",Thế Giới Di Động
703694e7-805a-42bb-b13f-676fa080643a,ICTHCM_HCM_SIEUTHI,/root/vdms/tangthu/data/gisp/icthcm/customdata/icthcm_hcm_sieuthi/b76202ca-4343-41be-b1b5-192b80cdca71,2023-03-27T06:46:35.000Z,admin,2,2023-03-27T06:46:35.000Z,admin,2,Siêu Thị Co.opmart - Foodcosa,sieuthi_vdms_covid19.xlsx,,"639 Đường Quang Trung, Phường 11, Quận Gò Vấp, Thành Phố Hồ Chí Minh",Quận Gò Vấp,,"{""type"":""Point"",""coordinates"":[106.662377,10.835295]}",Siêu Thị Co.opmart - Foodcosa
14cf1361-f22b-478a-837e-7e83fe9096f2,ICTHCM_HCM_SIEUTHI,/root/vdms/tangthu/data/gisp/icthcm/customdata/icthcm_hcm_sieuthi/e296ed95-d108-4fe9-8a38-7d83fb36e777,2023-03-27T06:46:42.000Z,admin,2,2023-03-27T06:46:42.000Z,admin,2,Siêu Thị Big C,sieuthi_vdms_covid19.xlsx,,"208-210-212 Đường Thoại Ngọc Hầu, Phường Phú Thạnh, Quận Tân Phú, Thành Phố Hồ Chí Minh",Quận Tân Phú,,"{""type"":""Point"",""coordinates"":[106.631078,10.778978]}",Siêu Thị Big C
0275c47d-e13e-4e42-9495-bf9b47753700,ICTHCM_HCM_SIEUTHI,/root/vdms/tangthu/data/gisp/icthcm/customdata/icthcm_hcm_sieuthi/7a41398a-4dcc-4473-940b-fcbb7bd0a11f,2023-03-27T06:44:41.000Z,admin,2,2023-03-27T06:44:41.000Z,admin,2,Bách Hóa Xanh,sieuthi_vdms_covid19.xlsx,,"45A-45B Đường Liên Khu 1-6, Phường Bình Trị Đông, Quận Bình Tân, Thành Phố Hồ Chí Minh",Quận Bình Tân,,"{""type"":""Point"",""coordinates"":[106.611054,10.771821]}",Bách Hóa Xanh
a87edfe4-4d61-457b-a827-b3e33b3bd3b2,ICTHCM_HCM_SIEUTHI,/root/vdms/tangthu/data/gisp/icthcm/customdata/icthcm_hcm_sieuthi/b8563111-8d36-416d-9b37-f671b4f8c51b,2023-03-27T06:44:41.000Z,admin,2,2023-03-27T06:44:41.000Z,admin,2,Siêu Thị Gia Đình Nhật Nguyệt,sieuthi_vdms_covid19.xlsx,,"666 Đường Lê Đức Thọ, Phường 15, Quận Gò Vấp, Thành Phố Hồ Chí Minh",Quận Gò Vấp,,"{""type"":""Point"",""coordinates"":[106.67127,10.845966]}",Siêu Thị Gia Đình Nhật Nguyệt
c6e1007b-0b44-4b1f-8383-7b004ce6e51b,ICTHCM_HCM_SIEUTHI,/root/vdms/tangthu/data/gisp/icthcm/customdata/icthcm_hcm_sieuthi/beb0ed54-4f84-4b7f-b1d8-6853155e0a08,2023-03-27T06:44:42.000Z,admin,2,2023-03-27T06:44:42.000Z,admin,2,Siêu Thị Auchan,sieuthi_vdms_covid19.xlsx,,"856 Đường Âu Cơ, Phường 14, Quận Tân Bình, Thành Phố Hồ Chí Minh",Quận Tân Bình,,"{""type"":""Point"",""coordinates"":[106.638908,10.793994]}",Siêu Thị Auchan
8d5f4160-273c-4c04-bb2b-f9a36eec4a0f,ICTHCM_HCM_SIEUTHI,/root/vdms/tangthu/data/gisp/icthcm/customdata/icthcm_hcm_sieuthi/4b9e93f5-37eb-4f02-a216-b4f0e8a95a18,2023-03-27T06:44:45.000Z,admin,2,2023-03-27T06:44:45.000Z,admin,2,Siêu Thị BigC Miền Đông,sieuthi_vdms_covid19.xlsx,38632990,"268 Đường Tô Hiến Thành, Phường 15, Quận 10, Thành Phố Hồ Chí Minh",Quận 10,,"{""type"":""Point"",""coordinates"":[106.665795,10.778199]}",Siêu Thị BigC Miền Đông
4e333b6c-8e2b-42c9-9ef6-f5f9444e09bb,ICTHCM_HCM_SIEUTHI,/root/vdms/tangthu/data/gisp/icthcm/customdata/icthcm_hcm_sieuthi/1bbedbc8-5aff-43e3-9bba-b8d461185c12,2023-03-27T06:44:45.000Z,admin,2,2023-03-27T06:44:45.000Z,admin,2,Siêu Thị Co.op Mart (Cổng Nam Kỳ Khởi Nghĩa),sieuthi_vdms_covid19.xlsx,,"Đường Nam Kỳ Khởi Nghĩa, Phường 6, Quận 3, Thành Phố Hồ Chí Minh",Quận 3,,"{""type"":""Point"",""coordinates"":[106.692399,10.781897]}",Siêu Thị Co.op Mart (Cổng Nam Kỳ Khởi Nghĩa)
d85e4117-3f7c-438d-8017-a7f7aa833fc5,ICTHCM_HCM_SIEUTHI,/root/vdms/tangthu/data/gisp/icthcm/customdata/icthcm_hcm_sieuthi/6b3d2854-7c51-4243-bdaa-8b290c9f442e,2023-03-27T06:45:21.000Z,admin,2,2023-03-27T06:45:21.000Z,admin,2,Siêu Thị Auchan,sieuthi_vdms_covid19.xlsx,,"148 Đường Trương Đăng Quế, Phường 3, Quận Gò Vấp, Thành Phố Hồ Chí Minh",Quận Gò Vấp,,"{""type"":""Point"",""coordinates"":[106.682255,10.815129]}",Siêu Thị Auchan
710fba97-6db3-478e-94f6-747adfe9e573,ICTHCM_HCM_SIEUTHI,/root/vdms/tangthu/data/gisp/icthcm/customdata/icthcm_hcm_sieuthi/7a4ee5cf-bc18-4858-bdce-8c2b93acf04f,2023-03-27T06:45:26.000Z,admin,2,2023-03-27T06:45:26.000Z,admin,2,Siêu Thị Co.opMart Tuy Lý Vương,sieuthi_vdms_covid19.xlsx,39515462-39515465,"40-54 Đường Tuy Lý Vương, Phường 13, Quận 8, Thành Phố Hồ Chí Minh",Quận 8,,"{""type"":""Point"",""coordinates"":[106.655066,10.744002]}",Siêu Thị Co.opMart Tuy Lý Vương
80f2037d-f4ca-4c64-b422-3c8f7148db69,ICTHCM_HCM_SIEUTHI,/root/vdms/tangthu/data/gisp/icthcm/customdata/icthcm_hcm_sieuthi/dd023eb9-7b05-4283-90c1-67347b84c394,2023-03-27T06:45:31.000Z,admin,2,2023-03-27T06:45:31.000Z,admin,2,Cửa Hàng Co.op Smile- Điểm Bán Hàng Bình Ổn Thị Trường,sieuthi_vdms_covid19.xlsx,,"36 Đường Nguyễn Lý, Phường Phú Thạnh, Quận Tân Phú, Thành Phố Hồ Chí Minh",Quận Tân Phú,,"{""type"":""Point"",""coordinates"":[106.627791,10.777517]}",Cửa Hàng Co.op Smile- Điểm Bán Hàng Bình Ổn Thị Trường
f9b4683e-519f-48c0-a474-7089045e7c94,ICTHCM_HCM_SIEUTHI,/root/vdms/tangthu/data/gisp/icthcm/customdata/icthcm_hcm_sieuthi/f9566639-0596-49a6-a063-3353b7da3a85,2023-03-27T06:45:33.000Z,admin,2,2023-03-27T06:45:33.000Z,admin,2,Bách Hóa Xanh,sieuthi_vdms_covid19.xlsx,,"125-127 Đường Số 4, Phường Bình Hưng Hòa A, Quận Bình Tân, Thành Phố Hồ Chí Minh",Quận Bình Tân,,"{""type"":""Point"",""coordinates"":[106.605572,10.786767]}",Bách Hóa Xanh
fb8c47cf-6215-4b23-bca3-33b486fd5542,ICTHCM_HCM_SIEUTHI,/root/vdms/tangthu/data/gisp/icthcm/customdata/icthcm_hcm_sieuthi/8f49d334-4e0e-47e0-96bc-64e3a7a9100e,2023-03-27T06:45:39.000Z,admin,2,2023-03-27T06:45:39.000Z,admin,2,Siêu Thị An Phú,sieuthi_vdms_covid19.xlsx,37444479-37444477,"36 Đường Thảo Điền, Phường Thảo Điền, Quận 2, Thành Phố Hồ Chí Minh",Quận 2,,"{""type"":""Point"",""coordinates"":[106.736494,10.804996]}",Siêu Thị An Phú
ea7143f8-ee20-41ca-94c3-f28a1e47f2bb,ICTHCM_HCM_SIEUTHI,/root/vdms/tangthu/data/gisp/icthcm/customdata/icthcm_hcm_sieuthi/6c7d2be1-e1a9-4aba-89af-aead98ce5bb5,2023-03-27T06:45:41.000Z,admin,2,2023-03-27T06:45:41.000Z,admin,2,Shop 10K,sieuthi_vdms_covid19.xlsx,1900558860,"51 Đường Lê Thúc Hoạch, Phường Phú Thọ Hòa, Quận Tân Phú, Thành Phố Hồ Chí Minh",Quận Tân Phú,,"{""type"":""Point"",""coordinates"":[106.624542,10.786822]}",Shop 10K
3d33004b-2b7a-4a20-86bd-0eda830b31f3,ICTHCM_HCM_SIEUTHI,/root/vdms/tangthu/data/gisp/icthcm/customdata/icthcm_hcm_sieuthi/a36f1531-7077-432c-9fcf-c6e93a57974b,2023-03-27T06:45:42.000Z,admin,2,2023-03-27T06:45:42.000Z,admin,2,Co.op Food,sieuthi_vdms_covid19.xlsx,,"51/5 Chung Cư Đào Duy Từ Đường Thành Thái, Phường 14, Quận 10, Thành Phố Hồ Chí Minh",Quận 10,,"{""type"":""Point"",""coordinates"":[106.663091,10.771533]}",Co.op Food
4ec75b91-4dee-4568-936f-3f7499e28852,ICTHCM_HCM_SIEUTHI,/root/vdms/tangthu/data/gisp/icthcm/customdata/icthcm_hcm_sieuthi/49b8f944-25d2-4777-ac95-21baebba33ba,2023-03-27T06:45:42.000Z,admin,2,2023-03-27T06:45:42.000Z,admin,2,Mega Market,sieuthi_vdms_covid19.xlsx,,"Đường Lê Văn Khương, Phường Tân Thới Hiệp, Quận 12, Thành Phố Hồ Chí Minh",Quận 12,,"{""type"":""Point"",""coordinates"":[106.649604,10.863153]}",Mega Market
4ab52924-d4a8-4ec5-a348-881e7928983f,ICTHCM_HCM_SIEUTHI,/root/vdms/tangthu/data/gisp/icthcm/customdata/icthcm_hcm_sieuthi/a29a39ea-ac7b-441f-ae38-1c9a218db746,2023-03-27T06:45:46.000Z,admin,2,2023-03-27T06:45:46.000Z,admin,2,SaiGonRes Plaza,sieuthi_vdms_covid19.xlsx,,"188 Đường Nguyễn Xí, Phường 26, Quận Bình Thạnh, Thành Phố Hồ Chí Minh",Quận Bình Thạnh,,"{""type"":""Point"",""coordinates"":[106.706918,10.816273]}",SaiGonRes Plaza
e9040385-befe-4e54-b574-a1c160cd6fd2,ICTHCM_HCM_SIEUTHI,/root/vdms/tangthu/data/gisp/icthcm/customdata/icthcm_hcm_sieuthi/bbd9f952-2ff6-417d-ba9c-767a2ce07881,2023-03-27T06:45:48.000Z,admin,2,2023-03-27T06:45:48.000Z,admin,2,Satra Mart,sieuthi_vdms_covid19.xlsx,,"69 Đường Đồng Khởi, Phường Bến Nghé, Quận 1, Thành Phố Hồ Chí Minh",Quận 1,,"{""type"":""Point"",""coordinates"":[106.704887,10.774326]}",Satra Mart
878907d3-b283-4cb0-8dcc-762a942972a3,ICTHCM_HCM_SIEUTHI,/root/vdms/tangthu/data/gisp/icthcm/customdata/icthcm_hcm_sieuthi/8fa4c99a-b0e1-4c9d-b116-2e80253888a5,2023-03-27T06:45:57.000Z,admin,2,2023-03-27T06:45:57.000Z,admin,2,Siêu Thị Bách Hóa Xanh,sieuthi_vdms_covid19.xlsx,,"47-49 Đường Số 18B, Phường Bình Hưng Hòa A, Quận Bình Tân, Thành Phố Hồ Chí Minh",Quận Bình Tân,,"{""type"":""Point"",""coordinates"":[106.597703,10.779825]}",Siêu Thị Bách Hóa Xanh
2f6d7ee3-ff6c-4305-9401-ca3b73a35cda,ICTHCM_HCM_SIEUTHI,/root/vdms/tangthu/data/gisp/icthcm/customdata/icthcm_hcm_sieuthi/3af471be-332b-4532-b7ef-0befa2429591,2023-03-27T06:45:58.000Z,admin,2,2023-03-27T06:45:58.000Z,admin,2,Citimart,sieuthi_vdms_covid19.xlsx,,"Đường Nguyễn Hiền, Phường 4, Quận 3, Thành Phố Hồ Chí Minh",Quận 3,,"{""type"":""Point"",""coordinates"":[106.680972,10.771771]}",Citimart
b9713bb0-ddd6-4524-89e2-43c5916c0eff,ICTHCM_HCM_SIEUTHI,/root/vdms/tangthu/data/gisp/icthcm/customdata/icthcm_hcm_sieuthi/79135278-440a-40de-844e-f27f1c86a69d,2023-03-27T06:45:59.000Z,admin,2,2023-03-27T06:45:59.000Z,admin,2,Siêu Thị Auchan,sieuthi_vdms_covid19.xlsx,,"198A Đường Mã Lò, Phường Bình Trị Đông A, Quận Bình Tân, Thành Phố Hồ Chí Minh",Quận Bình Tân,,"{""type"":""Point"",""coordinates"":[106.603688,10.766442]}",Siêu Thị Auchan
a7ecf071-043d-4a51-83cd-6990e1ea52ed,ICTHCM_HCM_SIEUTHI,/root/vdms/tangthu/data/gisp/icthcm/customdata/icthcm_hcm_sieuthi/dcf76449-b25e-4f56-9cf7-ac89730633e9,2023-03-27T06:46:17.000Z,admin,2,2023-03-27T06:46:17.000Z,admin,2,Siêu Thị Citimart,sieuthi_vdms_covid19.xlsx,,"Đường Nguyễn Hữu Thọ, Xã Phước Kiểng, Huyện Nhà Bè, Thành Phố Hồ Chí Minh",Huyện Nhà Bè,,"{""type"":""Point"",""coordinates"":[106.70146,10.719824]}",Siêu Thị Citimart
b56b499b-f56b-42eb-948f-11bf0f327641,ICTHCM_HCM_SIEUTHI,/root/vdms/tangthu/data/gisp/icthcm/customdata/icthcm_hcm_sieuthi/0fd0d780-842d-4a3c-8094-ade95b8e4b04,2023-03-27T06:46:21.000Z,admin,2,2023-03-27T06:46:21.000Z,admin,2,Gia Đình Mart,sieuthi_vdms_covid19.xlsx,,"R4-43 Đường Số 2, Phường Tân Phong, Quận 7, Thành Phố Hồ Chí Minh",Quận 7,,"{""type"":""Point"",""coordinates"":[106.707898,10.733833]}",Gia Đình Mart
ec455ecd-fd3a-4ce9-966f-56ba835964b4,ICTHCM_HCM_SIEUTHI,/root/vdms/tangthu/data/gisp/icthcm/customdata/icthcm_hcm_sieuthi/0762dddb-206d-43be-9a82-7d0dcf972ea0,2023-03-27T06:46:30.000Z,admin,2,2023-03-27T06:46:30.000Z,admin,2,VinMart+,sieuthi_vdms_covid19.xlsx,,"377 Đường Tân Hương, Phường Tân Quý, Quận Tân Phú, Thành Phố Hồ Chí Minh",Quận Tân Phú,,"{""type"":""Point"",""coordinates"":[106.618579,10.789743]}",VinMart+
8e2abaa1-ec9a-4ace-a022-85118c10ced6,ICTHCM_HCM_SIEUTHI,/root/vdms/tangthu/data/gisp/icthcm/customdata/icthcm_hcm_sieuthi/e53ca622-2cbe-45d3-90f2-2adce5d1b99e,2023-03-27T06:46:30.000Z,admin,2,2023-03-27T06:46:30.000Z,admin,2,Siêu Thị Big C,sieuthi_vdms_covid19.xlsx,,"Đường Nguyễn Kiệm, Phường 3, Quận Gò Vấp, Thành Phố Hồ Chí Minh",Quận Gò Vấp,,"{""type"":""Point"",""coordinates"":[106.679839,10.825719]}",Siêu Thị Big C
53e6a81f-d2e6-4a6b-b3c7-cc63e369c7c6,ICTHCM_HCM_SIEUTHI,/root/vdms/tangthu/data/gisp/icthcm/customdata/icthcm_hcm_sieuthi/bd0f8547-8ce2-4685-b4dc-2383af84d1c6,2023-03-27T06:46:36.000Z,admin,2,2023-03-27T06:46:36.000Z,admin,2,Bách Hóa Xanh,sieuthi_vdms_covid19.xlsx,,"15-17 Đường Số 1, Phường An Lạc A, Quận Bình Tân, Thành Phố Hồ Chí Minh",Quận Bình Tân,,"{""type"":""Point"",""coordinates"":[106.621364,10.748179]}",Bách Hóa Xanh
721a2bfd-f3f1-42b7-b885-b482028ef7a7,ICTHCM_HCM_SIEUTHI,/root/vdms/tangthu/data/gisp/icthcm/customdata/icthcm_hcm_sieuthi/b5e38027-01e6-4d3c-9058-76aac1cc9247,2023-03-27T06:44:42.000Z,admin,2,2023-03-27T06:44:42.000Z,admin,2,Lotte Mart,sieuthi_vdms_covid19.xlsx,,"20 Đường Cộng Hòa, Phường 12, Quận Tân Bình, Thành Phố Hồ Chí Minh",Quận Tân Bình,,"{""type"":""Point"",""coordinates"":[106.652768,10.801359]}",Lotte Mart
26516e7b-d898-4ce4-a15a-0b3e691e32a7,ICTHCM_HCM_SIEUTHI,/root/vdms/tangthu/data/gisp/icthcm/customdata/icthcm_hcm_sieuthi/2bb1fd9c-23ae-4f53-977c-694e20773a4e,2023-03-27T06:44:42.000Z,admin,2,2023-03-27T06:44:42.000Z,admin,2,Siêu Thị Auchan,sieuthi_vdms_covid19.xlsx,,"Đường Phạm Văn Chiêu, Phường 14, Quận Gò Vấp, Thành Phố Hồ Chí Minh",Quận Gò Vấp,,"{""type"":""Point"",""coordinates"":[106.653604,10.850599]}",Siêu Thị Auchan
bb4cdac2-a1e7-4f18-8868-f325c8ef7c6d,ICTHCM_HCM_SIEUTHI,/root/vdms/tangthu/data/gisp/icthcm/customdata/icthcm_hcm_sieuthi/a6b88f31-9904-4a73-b109-bbe8e6d4eb21,2023-03-27T06:44:44.000Z,admin,2,2023-03-27T06:44:44.000Z,admin,2,Co.op Mart,sieuthi_vdms_covid19.xlsx,,"Đường Phan Văn Trị, Phường 7, Quận Gò Vấp, Thành Phố Hồ Chí Minh",Quận Gò Vấp,,"{""type"":""Point"",""coordinates"":[106.682324,10.829352]}",Co.op Mart
2df1a3a3-ddf5-4d57-bafb-b52e2ad5e4f8,ICTHCM_HCM_SIEUTHI,/root/vdms/tangthu/data/gisp/icthcm/customdata/icthcm_hcm_sieuthi/16e30490-6e72-45fd-8cc7-2f5987a65b2d,2023-03-27T06:44:53.000Z,admin,2,2023-03-27T06:44:53.000Z,admin,2,Siêu Thị C-Express,sieuthi_vdms_covid19.xlsx,,"Đường Hàn Hải Nguyên, Phường 1, Quận 11, Thành Phố Hồ Chí Minh",Quận 11,,"{""type"":""Point"",""coordinates"":[106.641603,10.758491]}",Siêu Thị C-Express
d09cc344-016b-4d0a-b65a-94e3978feda8,ICTHCM_HCM_SIEUTHI,/root/vdms/tangthu/data/gisp/icthcm/customdata/icthcm_hcm_sieuthi/faa31759-a099-453d-9ea8-b8c91bf2a4a5,2023-03-27T06:44:55.000Z,admin,2,2023-03-27T06:44:55.000Z,admin,2,Lotte Mart,sieuthi_vdms_covid19.xlsx,,"242 Đường Nguyễn Văn Lượng, Phường 10, Quận Gò Vấp, Thành Phố Hồ Chí Minh",Quận Gò Vấp,,"{""type"":""Point"",""coordinates"":[106.670621,10.838506]}",Lotte Mart
85434ba8-2d3d-481c-a3eb-ef5b5803e184,ICTHCM_HCM_SIEUTHI,/root/vdms/tangthu/data/gisp/icthcm/customdata/icthcm_hcm_sieuthi/72fcd405-0610-4dfa-8a1c-0e7465750656,2023-03-27T06:44:56.000Z,admin,2,2023-03-27T06:44:56.000Z,admin,2,Siêu Thi Auchan,sieuthi_vdms_covid19.xlsx,,"Đường Phạm Văn Chí, Phường 8, Quận 6, Thành Phố Hồ Chí Minh",Quận 6,,"{""type"":""Point"",""coordinates"":[106.638681,10.740365]}",Siêu Thi Auchan
8fd097c6-45c5-4be1-a222-670d7d357dbc,ICTHCM_HCM_SIEUTHI,/root/vdms/tangthu/data/gisp/icthcm/customdata/icthcm_hcm_sieuthi/b6cb3cf5-3243-44ab-84be-719e869768cf,2023-03-27T06:44:56.000Z,admin,2,2023-03-27T06:44:56.000Z,admin,2,Siêu Thị Ok,sieuthi_vdms_covid19.xlsx,,"Đường Trường Sơn, Phường 4, Quận Tân Bình, Thành Phố Hồ Chí Minh",Quận Tân Bình,,"{""type"":""Point"",""coordinates"":[106.664459,10.807725]}",Siêu Thị Ok
8af16262-4600-40e9-8d23-ef0cc476fdf9,ICTHCM_HCM_SIEUTHI,/root/vdms/tangthu/data/gisp/icthcm/customdata/icthcm_hcm_sieuthi/7af85cff-cbfa-43fb-bc0c-e9ebe89b3340,2023-03-27T06:45:00.000Z,admin,2,2023-03-27T06:45:00.000Z,admin,2,Siêu Thị Máy Lọc Nước,sieuthi_vdms_covid19.xlsx,,"Đường Lê Trọng Tấn, Phường Bình Hưng Hòa, Quận Bình Tân, Thành Phố Hồ Chí Minh",Quận Bình Tân,,"{""type"":""Point"",""coordinates"":[106.605882,10.814095]}",Siêu Thị Máy Lọc Nước
c4a59f3c-440f-4a66-9578-406b51d84fb5,ICTHCM_HCM_SIEUTHI,/root/vdms/tangthu/data/gisp/icthcm/customdata/icthcm_hcm_sieuthi/50e1df1a-f35b-4903-af93-2fd807cb5fa1,2023-03-27T06:45:09.000Z,admin,2,2023-03-27T06:45:09.000Z,admin,2,Oriental Plaza Âu Cơ - Siêu Thị BigC,sieuthi_vdms_covid19.xlsx,,"Oriental Plaza, 685 Đường Âu Cơ, Phường Tân Thành, Quận Tân Phú, Thành Phố Hồ Chí Minh",Quận Tân Phú,,"{""type"":""Point"",""coordinates"":[106.640216,10.789838]}",Oriental Plaza Âu Cơ - Siêu Thị BigC
0f2804e4-07ad-4f0f-a178-1d4e9902b9cd,ICTHCM_HCM_SIEUTHI,/root/vdms/tangthu/data/gisp/icthcm/customdata/icthcm_hcm_sieuthi/b5ae929b-ac73-4f59-a924-a74a4ba12af1,2023-03-27T06:45:13.000Z,admin,2,2023-03-27T06:45:13.000Z,admin,2,Bách Hóa Xanh,sieuthi_vdms_covid19.xlsx,,"Đường Tên Lửa, Phường Bình Trị Đông B, Quận Bình Tân, Thành Phố Hồ Chí Minh",Quận Bình Tân,,"{""type"":""Point"",""coordinates"":[106.606693,10.754825]}",Bách Hóa Xanh
d3e582b9-8be5-4ea0-ba89-b52e62153852,ICTHCM_HCM_SIEUTHI,/root/vdms/tangthu/data/gisp/icthcm/customdata/icthcm_hcm_sieuthi/19c7604b-07a4-469e-9584-69c5cf7ee992,2023-03-27T06:45:20.000Z,admin,2,2023-03-27T06:45:20.000Z,admin,2,Bách Hóa Xanh,sieuthi_vdms_covid19.xlsx,,"Đường Bình Trị Đông, Phường Bình Trị Đông, Quận Bình Tân, Thành Phố Hồ Chí Minh",Quận Bình Tân,,"{""type"":""Point"",""coordinates"":[106.609641,10.768447]}",Bách Hóa Xanh
3654e389-41ad-449c-96f5-7868d4ef5005,ICTHCM_HCM_SIEUTHI,/root/vdms/tangthu/data/gisp/icthcm/customdata/icthcm_hcm_sieuthi/e8171b7f-79b6-46e0-b48a-8fcb792b34da,2023-03-27T06:45:25.000Z,admin,2,2023-03-27T06:45:25.000Z,admin,2,Siêu Thị Maximark Cộng Hòa,sieuthi_vdms_covid19.xlsx,35986354,"15-17 Đường Cộng Hòa, Phường 4, Quận Tân Bình, Thành Phố Hồ Chí Minh",Quận Tân Bình,,"{""type"":""Point"",""coordinates"":[106.65901,10.800807]}",Siêu Thị Maximark Cộng Hòa
08cff102-0b2e-49ab-88f9-018fb37847bf,ICTHCM_HCM_SIEUTHI,/root/vdms/tangthu/data/gisp/icthcm/customdata/icthcm_hcm_sieuthi/9e22a78c-48ab-4678-b507-b933a92a5c5f,2023-03-27T06:45:37.000Z,admin,2,2023-03-27T06:45:37.000Z,admin,2,CO.OP FOOD,sieuthi_vdms_covid19.xlsx,,"Đường Lê Văn Quới, Phường Bình Trị Đông A, Quận Bình Tân, Thành Phố Hồ Chí Minh",Quận Bình Tân,,"{""type"":""Point"",""coordinates"":[106.604825,10.776229]}",CO.OP FOOD
14bef042-6d62-4c14-b404-f0375825d469,ICTHCM_HCM_SIEUTHI,/root/vdms/tangthu/data/gisp/icthcm/customdata/icthcm_hcm_sieuthi/0e1adfc3-3526-4b05-8164-45348cb9f0f5,2023-03-27T06:45:38.000Z,admin,2,2023-03-27T06:45:38.000Z,admin,2,Siêu Thị Bách Hóa XANH,sieuthi_vdms_covid19.xlsx,,"348 Đường Tân Hòa Đông, Phường Bình Trị Đông, Quận Bình Tân, Thành Phố Hồ Chí Minh",Quận Bình Tân,,"{""type"":""Point"",""coordinates"":[106.615299,10.76792]}",Siêu Thị Bách Hóa XANH
9c390d99-9352-47f0-9cb0-f32bc72d2043,ICTHCM_HCM_SIEUTHI,/root/vdms/tangthu/data/gisp/icthcm/customdata/icthcm_hcm_sieuthi/38b594e3-28f0-4b1c-a369-fafe444cc1fc,2023-03-27T06:45:42.000Z,admin,2,2023-03-27T06:45:42.000Z,admin,2,Siêu Thị Co.opmart Hòa Bình,sieuthi_vdms_covid19.xlsx,39613522,"175 Đường Hòa Bình, Phường Hiệp Tân, Quận Tân Phú, Thành Phố Hồ Chí Minh",Quận Tân Phú,,"{""type"":""Point"",""coordinates"":[106.629407,10.77105]}",Siêu Thị Co.opmart Hòa Bình
27e32824-50ca-4d82-9d35-08bf40bf2a3c,ICTHCM_HCM_SIEUTHI,/root/vdms/tangthu/data/gisp/icthcm/customdata/icthcm_hcm_sieuthi/ff0824cc-f739-416b-9d96-a59f3a35ab38,2023-03-27T06:45:48.000Z,admin,2,2023-03-27T06:45:48.000Z,admin,2,Siêu Thị VinMart,sieuthi_vdms_covid19.xlsx,,"Khu Bàu Cát 2 Đường Số 4, Phường 10, Quận Tân Bình, Thành Phố Hồ Chí Minh",Quận Tân Bình,,"{""type"":""Point"",""coordinates"":[106.645145,10.786275]}",Siêu Thị VinMart
2be900c7-9039-4f71-8e4b-845ce9bc98ee,ICTHCM_HCM_SIEUTHI,/root/vdms/tangthu/data/gisp/icthcm/customdata/icthcm_hcm_sieuthi/118a8057-b365-485f-aad2-fad69c763faa,2023-03-27T06:45:49.000Z,admin,2,2023-03-27T06:45:49.000Z,admin,2,Siêu Thị Auchan,sieuthi_vdms_covid19.xlsx,,"Đường Văn Thân, Phường 8, Quận 6, Thành Phố Hồ Chí Minh",Quận 6,,"{""type"":""Point"",""coordinates"":[106.638052,10.741176]}",Siêu Thị Auchan
19306c14-2ce7-4344-ac8c-b26a692f2fbb,ICTHCM_HCM_SIEUTHI,/root/vdms/tangthu/data/gisp/icthcm/customdata/icthcm_hcm_sieuthi/f079a4a0-1c1f-49a4-9091-945ac4cb4404,2023-03-27T06:45:50.000Z,admin,2,2023-03-27T06:45:50.000Z,admin,2,Vinmart,sieuthi_vdms_covid19.xlsx,,"Đường Tô Ký, Phường Tân Chánh Hiệp, Quận 12, Thành Phố Hồ Chí Minh",Quận 12,,"{""type"":""Point"",""coordinates"":[106.617052,10.864574]}",Vinmart
be8e6e91-ca54-4869-b01a-c1759f8348c8,ICTHCM_HCM_SIEUTHI,/root/vdms/tangthu/data/gisp/icthcm/customdata/icthcm_hcm_sieuthi/62b11209-0113-499e-bd8e-9b9b345e7196,2023-03-27T06:45:52.000Z,admin,2,2023-03-27T06:45:52.000Z,admin,2,Bách Hóa Xanh,sieuthi_vdms_covid19.xlsx,,"155 Đường Lê Văn Quới, Phường Bình Trị Đông, Quận Bình Tân, Thành Phố Hồ Chí Minh",Quận Bình Tân,,"{""type"":""Point"",""coordinates"":[106.617304,10.774898]}",Bách Hóa Xanh
df507dd9-ddde-4feb-89d3-28c32cb5b539,ICTHCM_HCM_SIEUTHI,/root/vdms/tangthu/data/gisp/icthcm/customdata/icthcm_hcm_sieuthi/147267ac-24eb-44a9-a495-6a19d36bba3f,2023-03-27T06:45:52.000Z,admin,2,2023-03-27T06:45:52.000Z,admin,2,Lotte Mart (Cổng Lê Đại Hành),sieuthi_vdms_covid19.xlsx,2225 0686,"968 Đường Ba Tháng Hai, Phường 15, Quận 11, Thành Phố Hồ Chí Minh",Quận 11,,"{""type"":""Point"",""coordinates"":[106.656591,10.763054]}",Lotte Mart (Cổng Lê Đại Hành)
fe781dfd-0015-4383-8d2e-af5c7d25e241,ICTHCM_HCM_SIEUTHI,/root/vdms/tangthu/data/gisp/icthcm/customdata/icthcm_hcm_sieuthi/8c129aad-2f7b-4ddc-8d1b-f3f5fa6025b3,2023-03-27T06:45:53.000Z,admin,2,2023-03-27T06:45:53.000Z,admin,2,Siêu Thị Mini Thành Đạt,sieuthi_vdms_covid19.xlsx,,"710/31 Đường Cư Xá Phú Lâm A, Phường 12, Quận 6, Thành Phố Hồ Chí Minh",Quận 6,,"{""type"":""Point"",""coordinates"":[106.632701,10.748433]}",Siêu Thị Mini Thành Đạt
59b36b92-a72c-41bd-a685-a91771a080d1,ICTHCM_HCM_SIEUTHI,/root/vdms/tangthu/data/gisp/icthcm/customdata/icthcm_hcm_sieuthi/cb0a265e-a1d2-4778-9bdf-298e0a71c7b2,2023-03-27T06:45:54.000Z,admin,2,2023-03-27T06:45:54.000Z,admin,2,Siêu Thị Mẹ Và Bé Con Cưng,sieuthi_vdms_covid19.xlsx,,"106 Đường Lê Văn Sỹ, Phường 11, Quận Phú Nhuận, Thành Phố Hồ Chí Minh",Quận Phú Nhuận,,"{""type"":""Point"",""coordinates"":[106.672144,10.791476]}",Siêu Thị Mẹ Và Bé Con Cưng
b75234b7-967f-4b39-b525-33aa98687b47,ICTHCM_HCM_SIEUTHI,/root/vdms/tangthu/data/gisp/icthcm/customdata/icthcm_hcm_sieuthi/36e4dc69-3224-4c19-b019-7cf6d2a30a01,2023-03-27T06:45:58.000Z,admin,2,2023-03-27T06:45:58.000Z,admin,2,Siêu Thị Điện Máy - Dienmaytudo,sieuthi_vdms_covid19.xlsx,,"62A-62Bis Đường Xô Viết Nghệ Tĩnh, Phường 19, Quận Bình Thạnh, Thành Phố Hồ Chí Minh",Quận Bình Thạnh,,"{""type"":""Point"",""coordinates"":[106.70987,10.795228]}",Siêu Thị Điện Máy - Dienmaytudo
8b4bf82b-894b-4343-b664-b98c295db8b0,ICTHCM_HCM_SIEUTHI,/root/vdms/tangthu/data/gisp/icthcm/customdata/icthcm_hcm_sieuthi/915eec00-3e41-4a42-a58d-68f87d29ffb4,2023-03-27T06:46:02.000Z,admin,2,2023-03-27T06:46:02.000Z,admin,2,Siêu Thị Bách Hóa Xanh,sieuthi_vdms_covid19.xlsx,,"153-155 Đường Số 6, Phường Bình Trị Đông B, Quận Bình Tân, Thành Phố Hồ Chí Minh",Quận Bình Tân,,"{""type"":""Point"",""coordinates"":[106.619195,10.756751]}",Siêu Thị Bách Hóa Xanh
894c2910-f859-41e4-97f9-4141ec88cd9d,ICTHCM_HCM_SIEUTHI,/root/vdms/tangthu/data/gisp/icthcm/customdata/icthcm_hcm_sieuthi/af9e7a31-874d-4347-8ed5-e3c26e490d0d,2023-03-27T06:46:06.000Z,admin,2,2023-03-27T06:46:06.000Z,admin,2,Citimart B&B,sieuthi_vdms_covid19.xlsx,,"Đường Nguyễn Lương Bằng, Phường Tân Phú, Quận 7, Thành Phố Hồ Chí Minh",Quận 7,,"{""type"":""Point"",""coordinates"":[106.726348,10.721663]}",Citimart B&B
2bf58d48-c8a4-496c-9c19-8ba84431aa30,ICTHCM_HCM_SIEUTHI,/root/vdms/tangthu/data/gisp/icthcm/customdata/icthcm_hcm_sieuthi/676dc2ef-83f0-4d1a-baa6-54d8cb92c607,2023-03-27T06:46:06.000Z,admin,2,2023-03-27T06:46:06.000Z,admin,2,Siêu Thị Co.opMart (Cổng Hòa Hảo),sieuthi_vdms_covid19.xlsx,,"497 Đường Hòa Hảo, Phường 7, Quận 10, Thành Phố Hồ Chí Minh",Quận 10,,"{""type"":""Point"",""coordinates"":[106.661224,10.760216]}",Siêu Thị Co.opMart (Cổng Hòa Hảo)
5c978681-4e50-4ec1-ad7e-7328ecd2ee14,ICTHCM_HCM_SIEUTHI,/root/vdms/tangthu/data/gisp/icthcm/customdata/icthcm_hcm_sieuthi/24d12d58-f402-4198-8e85-8d56963c4fa9,2023-03-27T06:46:12.000Z,admin,2,2023-03-27T06:46:12.000Z,admin,2,Siêu Thị BigC,sieuthi_vdms_covid19.xlsx,,"Trung Tâm Thương Mại Pandora, 1/1 Đường Trường Chinh, Phường Tây Thạnh, Quận Tân Phú, Thành Phố Hồ Chí Minh",Quận Tân Phú,,"{""type"":""Point"",""coordinates"":[106.634639,10.807056]}",Siêu Thị BigC
46dd5947-be15-45ef-b675-a93574ddef7f,ICTHCM_HCM_SIEUTHI,/root/vdms/tangthu/data/gisp/icthcm/customdata/icthcm_hcm_sieuthi/96bb9fd0-eb83-40cf-838c-347e30bb1671,2023-03-27T06:46:17.000Z,admin,2,2023-03-27T06:46:17.000Z,admin,2,Siêu Thị Auchan,sieuthi_vdms_covid19.xlsx,,"240 Đường Trần Bình Trọng, Phường 4, Quận 5, Thành Phố Hồ Chí Minh",Quận 5,,"{""type"":""Point"",""coordinates"":[106.679598,10.761394]}",Siêu Thị Auchan
acbb0a00-b6b1-4a20-8431-96e629d8b3a7,ICTHCM_HCM_SIEUTHI,/root/vdms/tangthu/data/gisp/icthcm/customdata/icthcm_hcm_sieuthi/36ee9ee6-f767-4b9c-8153-7482ff7c36c3,2023-03-27T06:46:18.000Z,admin,2,2023-03-27T06:46:18.000Z,admin,2,Điện Máy Xanh,sieuthi_vdms_covid19.xlsx,,"106-108 Đường Nguyễn Thị Tú, Phường Bình Hưng Hòa B, Quận Bình Tân, Thành Phố Hồ Chí Minh",Quận Bình Tân,,"{""type"":""Point"",""coordinates"":[106.597075,10.815892]}",Điện Máy Xanh
50de350d-47f0-4335-8dd8-58dcd971e2f5,ICTHCM_HCM_SIEUTHI,/root/vdms/tangthu/data/gisp/icthcm/customdata/icthcm_hcm_sieuthi/410b049d-29ce-4c46-b119-f260662b366e,2023-03-27T06:46:23.000Z,admin,2,2023-03-27T06:46:23.000Z,admin,2,Siêu Thị Bách Hóa Xanh,sieuthi_vdms_covid19.xlsx,,"40 Đường Trương Phước Phan, Phường Bình Trị Đông, Quận Bình Tân, Thành Phố Hồ Chí Minh",Quận Bình Tân,,"{""type"":""Point"",""coordinates"":[106.611626,10.759435]}",Siêu Thị Bách Hóa Xanh
c151a3e9-c67f-468c-b936-6abf5773126d,ICTHCM_HCM_SIEUTHI,/root/vdms/tangthu/data/gisp/icthcm/customdata/icthcm_hcm_sieuthi/3868cbd5-b9b1-40f6-82b6-21319d729b6b,2023-03-27T06:46:27.000Z,admin,2,2023-03-27T06:46:27.000Z,admin,2,Bách Hóa XANH,sieuthi_vdms_covid19.xlsx,,"Đường Tân Chánh Hiệp 36, Phường Tân Chánh Hiệp, Quận 12, Thành Phố Hồ Chí Minh",Quận 12,,"{""type"":""Point"",""coordinates"":[106.623591,10.858828]}",Bách Hóa XANH
041fe67a-1ad5-4608-8040-f92c22522ffd,ICTHCM_HCM_SIEUTHI,/root/vdms/tangthu/data/gisp/icthcm/customdata/icthcm_hcm_sieuthi/4e764277-ddfe-4d47-88e5-caf8d19a4cfc,2023-03-27T06:46:29.000Z,admin,2,2023-03-27T06:46:29.000Z,admin,2,Siêu Thị Bách Hóa XANH,sieuthi_vdms_covid19.xlsx,,"348 Đường Tân Hòa Đông, Phường Bình Trị Đông, Quận Bình Tân, Thành Phố Hồ Chí Minh",Quận Bình Tân,,"{""type"":""Point"",""coordinates"":[106.618603,10.764943]}",Siêu Thị Bách Hóa XANH
49378979-f696-4fa7-af4d-ca434ba70f03,ICTHCM_HCM_SIEUTHI,/root/vdms/tangthu/data/gisp/icthcm/customdata/icthcm_hcm_sieuthi/385eadf7-29e0-4076-868f-a306159e0c2f,2023-03-27T06:46:32.000Z,admin,2,2023-03-27T06:46:32.000Z,admin,2,Siêu Thị Nội Thất Hà Nam,sieuthi_vdms_covid19.xlsx,,"219 Đường Kinh Dương Vương, Phường 12, Quận 6, Thành Phố Hồ Chí Minh",Quận 6,,"{""type"":""Point"",""coordinates"":[106.624702,10.746188]}",Siêu Thị Nội Thất Hà Nam
9c8eb039-3425-4ab3-a13e-d232c9f8697d,ICTHCM_HCM_SIEUTHI,/root/vdms/tangthu/data/gisp/icthcm/customdata/icthcm_hcm_sieuthi/5db31b20-26be-414b-8803-79442308850e,2023-03-27T06:46:36.000Z,admin,2,2023-03-27T06:46:36.000Z,admin,2,Siêu Thị Fivimart,sieuthi_vdms_covid19.xlsx,,"336 Đường Huỳnh Tấn Phát, Phường Tân Thuận Tây, Quận 7, Thành Phố Hồ Chí Minh",Quận 7,,"{""type"":""Point"",""coordinates"":[106.728683,10.749414]}",Siêu Thị Fivimart
427dd832-8e68-49b5-9f5d-a383a5bb2d29,ICTHCM_HCM_SIEUTHI,/root/vdms/tangthu/data/gisp/icthcm/customdata/icthcm_hcm_sieuthi/4e6a814e-5386-43f2-8066-91d18ce4900d,2023-03-27T06:46:38.000Z,admin,2,2023-03-27T06:46:38.000Z,admin,2,Siêu Thị Mini BBS,sieuthi_vdms_covid19.xlsx,54069515,"107/8 Đường Phạm Phú Thứ, Phường 11, Quận Tân Bình, Thành Phố Hồ Chí Minh",Quận Tân Bình,,"{""type"":""Point"",""coordinates"":[106.646506,10.789511]}",Siêu Thị Mini BBS
c8201603-e9d0-4b13-afef-a9d07bd44922,ICTHCM_HCM_SIEUTHI,/root/vdms/tangthu/data/gisp/icthcm/customdata/icthcm_hcm_sieuthi/556aace7-fb4e-49f3-b65b-6e66788c74b9,2023-03-27T06:46:41.000Z,admin,2,2023-03-27T06:46:41.000Z,admin,2,Siêu Thị Emart,sieuthi_vdms_covid19.xlsx,,"Khu Dân Cư CityLand Đường Số 1, Phường 5, Quận Gò Vấp, Thành Phố Hồ Chí Minh",Quận Gò Vấp,,"{""type"":""Point"",""coordinates"":[106.692747,10.823944]}",Siêu Thị Emart
b2281443-1c6b-4eea-a25a-62fdd089aab2,ICTHCM_HCM_SIEUTHI,/root/vdms/tangthu/data/gisp/icthcm/customdata/icthcm_hcm_sieuthi/7a47565f-3003-423a-914b-793992d03dc7,2023-03-27T06:46:17.000Z,admin,2,2023-03-27T06:46:17.000Z,admin,2,Bách Hóa Xanh,sieuthi_vdms_covid19.xlsx,,"127-125-123-121 Đường Số 11, Phường Bình Hưng Hòa, Quận Bình Tân, Thành Phố Hồ Chí Minh",Quận Bình Tân,,"{""type"":""Point"",""coordinates"":[106.603936,10.800204]}",Bách Hóa Xanh
1bb3a85c-612e-4cfb-b10e-f409149fa4bb,ICTHCM_HCM_SIEUTHI,/root/vdms/tangthu/data/gisp/icthcm/customdata/icthcm_hcm_sieuthi/a9f842fe-d8ef-45ba-8a06-57b14ed0809e,2023-03-27T06:46:28.000Z,admin,2,2023-03-27T06:46:28.000Z,admin,2,Siêu Thị BP,sieuthi_vdms_covid19.xlsx,54101040,"S4-1 Khu Đô Thị Phú Mỹ Hưng Hưng Vượng 3, Phường Tân Phong, Quận 7, Thành Phố Hồ Chí Minh",Quận 7,,"{""type"":""Point"",""coordinates"":[106.70689,10.72995]}",Siêu Thị BP
a7103cbb-53c9-40b6-b43b-d56d1523a80d,ICTHCM_HCM_SIEUTHI,/root/vdms/tangthu/data/gisp/icthcm/customdata/icthcm_hcm_sieuthi/c0d931e4-0090-4288-bc5c-924663c3ea4b,2023-03-27T06:46:31.000Z,admin,2,2023-03-27T06:46:31.000Z,admin,2,Siêu Thị Citimart,sieuthi_vdms_covid19.xlsx,,"Đường Số 7, Phường Tân Thuận Đông, Quận 7, Thành Phố Hồ Chí Minh",Quận 7,,"{""type"":""Point"",""coordinates"":[106.735716090271,10.7518341428401]}",Siêu Thị Citimart
7a1bfc70-dd8f-4efb-a0bb-bdf72a7604a3,ICTHCM_HCM_SIEUTHI,/root/vdms/tangthu/data/gisp/icthcm/customdata/icthcm_hcm_sieuthi/c8f9a4a7-a8c0-4806-a4dc-369c337d71bd,2023-03-27T06:46:31.000Z,admin,2,2023-03-27T06:46:31.000Z,admin,2,Siêu Thị Coop Mart,sieuthi_vdms_covid19.xlsx,,"Đường Số 19, Phường Bình Trị Đông B, Quận Bình Tân, Thành Phố Hồ Chí Minh",Quận Bình Tân,,"{""type"":""Point"",""coordinates"":[106.613393,10.753301]}",Siêu Thị Coop Mart
4250f49c-0e09-4ff0-a23e-8ff930496809,ICTHCM_HCM_SIEUTHI,/root/vdms/tangthu/data/gisp/icthcm/customdata/icthcm_hcm_sieuthi/4262d5a9-1c49-4d94-8741-2c87ce8b78b0,2023-03-27T06:46:37.000Z,admin,2,2023-03-27T06:46:37.000Z,admin,2,Co.op Mart,sieuthi_vdms_covid19.xlsx,,"Xa Lộ Hà Nội, Phường Hiệp Phú, Quận 9, Thành Phố Hồ Chí Minh",Quận 9,,"{""type"":""Point"",""coordinates"":[106.773743,10.848397]}",Co.op Mart
6a03a2a0-7f92-4c26-87cd-82de43c71df4,ICTHCM_HCM_SIEUTHI,/root/vdms/tangthu/data/gisp/icthcm/customdata/icthcm_hcm_sieuthi/229e1315-b197-4447-8e56-0b9b7c672391,2023-03-27T06:46:40.000Z,admin,2,2023-03-27T06:46:40.000Z,admin,2,Bách Hóa Xanh,sieuthi_vdms_covid19.xlsx,,"113 Đường Tô Hiệu, Phường Hiệp Tân, Quận Tân Phú, Thành Phố Hồ Chí Minh",Quận Tân Phú,,"{""type"":""Point"",""coordinates"":[106.627618,10.773925]}",Bách Hóa Xanh
235cfc47-fd1b-4c19-a8fe-1642685d7764,ICTHCM_HCM_SIEUTHI,/root/vdms/tangthu/data/gisp/icthcm/customdata/icthcm_hcm_sieuthi/56ab4840-e74d-4b04-8ea3-dc30bc5c37c5,2023-03-27T06:44:39.000Z,admin,2,2023-03-27T06:44:39.000Z,admin,2,Bách Hóa Xanh,sieuthi_vdms_covid19.xlsx,,"Đường Bình Trị Đông, Phường Bình Trị Đông, Quận Bình Tân, Thành Phố Hồ Chí Minh",Quận Bình Tân,,"{""type"":""Point"",""coordinates"":[106.610078,10.762167]}",Bách Hóa Xanh
6af8d73e-72f7-4bc4-8fc0-bde98c7b4cba,ICTHCM_HCM_SIEUTHI,/root/vdms/tangthu/data/gisp/icthcm/customdata/icthcm_hcm_sieuthi/3549b504-a0c9-4517-addb-a4ff26d64bfc,2023-03-27T06:44:39.000Z,admin,2,2023-03-27T06:44:39.000Z,admin,2,Siêu Thị Co.op Mart,sieuthi_vdms_covid19.xlsx,,"Đường Trường Chinh, Phường Tây Thạnh, Quận Tân Phú, Thành Phố Hồ Chí Minh",Quận Tân Phú,,"{""type"":""Point"",""coordinates"":[106.631343,10.817568]}",Siêu Thị Co.op Mart
a4de7905-8356-4d8b-bcad-7aefe5d789c3,ICTHCM_HCM_SIEUTHI,/root/vdms/tangthu/data/gisp/icthcm/customdata/icthcm_hcm_sieuthi/06213841-6e84-44d3-9209-c545b5780d21,2023-03-27T06:44:43.000Z,admin,2,2023-03-27T06:44:43.000Z,admin,2,Siêu Thị C & C,sieuthi_vdms_covid19.xlsx,,"189 Đường Cống Quỳnh, Phường Nguyễn Cư Trinh, Quận 1, Thành Phố Hồ Chí Minh",Quận 1,,"{""type"":""Point"",""coordinates"":[106.687566,10.766938]}",Siêu Thị C & C
5c18f02e-eccd-4103-b797-21519e90b280,ICTHCM_HCM_SIEUTHI,/root/vdms/tangthu/data/gisp/icthcm/customdata/icthcm_hcm_sieuthi/5d84103b-1517-45ae-9775-41b9c08ec810,2023-03-27T06:44:44.000Z,admin,2,2023-03-27T06:44:44.000Z,admin,2,FamilyMart,sieuthi_vdms_covid19.xlsx,,"125 Đường Điện Biên Phủ, Phường Đa Kao, Quận 1, Thành Phố Hồ Chí Minh",Quận 1,,"{""type"":""Point"",""coordinates"":[106.696145,10.788866]}",FamilyMart
29adc423-c9d2-48b5-8590-a1552e03cc61,ICTHCM_HCM_SIEUTHI,/root/vdms/tangthu/data/gisp/icthcm/customdata/icthcm_hcm_sieuthi/3f2e2636-1eca-4dd5-a743-b367ccfd9021,2023-03-27T06:44:46.000Z,admin,2,2023-03-27T06:44:46.000Z,admin,2,Emart,sieuthi_vdms_covid19.xlsx,,"Đường Phan Văn Trị, Phường 5, Quận Gò Vấp, Thành Phố Hồ Chí Minh",Quận Gò Vấp,,"{""type"":""Point"",""coordinates"":[106.693878,10.822344]}",Emart
43371324-7399-4e88-9285-1e462db4c4a5,ICTHCM_HCM_SIEUTHI,/root/vdms/tangthu/data/gisp/icthcm/customdata/icthcm_hcm_sieuthi/0ae8fe19-9275-4cdb-a985-1442ee412c9b,2023-03-27T06:44:56.000Z,admin,2,2023-03-27T06:44:56.000Z,admin,2,Lotte Mart (Cổng Ba Tháng Hai),sieuthi_vdms_covid19.xlsx,822250686,"Tầng 1-5 Cao Ốc Everich, 968 Đường Ba Tháng Hai, Phường 15, Quận 11, Thành Phố Hồ Chí Minh",Quận 11,,"{""type"":""Point"",""coordinates"":[106.657464,10.762555]}",Lotte Mart (Cổng Ba Tháng Hai)
803d204a-c128-4a63-8978-7469b2d60c2a,ICTHCM_HCM_SIEUTHI,/root/vdms/tangthu/data/gisp/icthcm/customdata/icthcm_hcm_sieuthi/ae10292a-a24e-463f-ba1c-176ec6b063c8,2023-03-27T06:44:56.000Z,admin,2,2023-03-27T06:44:56.000Z,admin,2,Akuruhi Supermarket,sieuthi_vdms_covid19.xlsx,38230052,"17A2 Đường Lê Thánh Tôn, Phường Bến Nghé, Quận 1, Thành Phố Hồ Chí Minh",Quận 1,,"{""type"":""Point"",""coordinates"":[106.704523,10.7803]}",Akuruhi Supermarket
47c2e176-edd8-46b4-98f9-74e602e29ea3,ICTHCM_HCM_SIEUTHI,/root/vdms/tangthu/data/gisp/icthcm/customdata/icthcm_hcm_sieuthi/f4430053-04c5-4793-aafa-bf2514dbe494,2023-03-27T06:45:01.000Z,admin,2,2023-03-27T06:45:01.000Z,admin,2,Siêu Thị Hà Nội,sieuthi_vdms_covid19.xlsx,,"187A Đường Cống Quỳnh, Phường Nguyễn Cư Trinh, Quận 1, Thành Phố Hồ Chí Minh",Quận 1,,"{""type"":""Point"",""coordinates"":[106.687729,10.766868]}",Siêu Thị Hà Nội
d648d474-a415-47c2-b42b-cb5853798496,ICTHCM_HCM_SIEUTHI,/root/vdms/tangthu/data/gisp/icthcm/customdata/icthcm_hcm_sieuthi/17aec197-baae-4a2c-a755-18918a11825c,2023-03-27T06:45:03.000Z,admin,2,2023-03-27T06:45:03.000Z,admin,2,Coopmart Phú Lâm,sieuthi_vdms_covid19.xlsx,,"6 Đường Bà Hom, Phường 13, Quận 6, Thành Phố Hồ Chí Minh",Quận 6,,"{""type"":""Point"",""coordinates"":[106.633695,10.754271]}",Coopmart Phú Lâm
cbd5d7a1-134d-4d60-b889-8c4cc27bcb02,ICTHCM_HCM_SIEUTHI,/root/vdms/tangthu/data/gisp/icthcm/customdata/icthcm_hcm_sieuthi/50ad1505-3032-4e5c-9de9-4aae2cbb9de9,2023-03-27T06:45:05.000Z,admin,2,2023-03-27T06:45:05.000Z,admin,2,Co.op Mart,sieuthi_vdms_covid19.xlsx,,"Đường Hòa Hảo, Phường 3, Quận 10, Thành Phố Hồ Chí Minh",Quận 10,,"{""type"":""Point"",""coordinates"":[106.671839,10.762565]}",Co.op Mart
e1602a9d-736b-4579-9f0d-c6c7507b9566,ICTHCM_HCM_SIEUTHI,/root/vdms/tangthu/data/gisp/icthcm/customdata/icthcm_hcm_sieuthi/19a1b623-7fd6-4a0c-9eff-ba870671a171,2023-03-27T06:45:11.000Z,admin,2,2023-03-27T06:45:11.000Z,admin,2,Siêu Thị Bách Hóa Xanh,sieuthi_vdms_covid19.xlsx,,"36-38 Đường Số 8, Phường Tân Tạo A, Quận Bình Tân, Thành Phố Hồ Chí Minh",Quận Bình Tân,,"{""type"":""Point"",""coordinates"":[106.587092,10.747021]}",Siêu Thị Bách Hóa Xanh
7fa58ab6-3cd5-42da-a62d-55d1e8b570a2,ICTHCM_HCM_SIEUTHI,/root/vdms/tangthu/data/gisp/icthcm/customdata/icthcm_hcm_sieuthi/8f084d39-bc67-4407-b394-d62f81db933a,2023-03-27T06:45:13.000Z,admin,2,2023-03-27T06:45:13.000Z,admin,2,Siêu Thị Việt Hàn Sky Mart,sieuthi_vdms_covid19.xlsx,54101219-54101220,"S23-1 Sky Garden - Phú Mỹ Hưng Đường Nguyễn Văn Linh, Phường Tân Phong, Quận 7, Thành Phố Hồ Chí Minh",Quận 7,,"{""type"":""Point"",""coordinates"":[106.706372,10.72921]}",Siêu Thị Việt Hàn Sky Mart
4fea65c1-e86c-4482-a736-2f6fd050f6e2,ICTHCM_HCM_SIEUTHI,/root/vdms/tangthu/data/gisp/icthcm/customdata/icthcm_hcm_sieuthi/410e73b9-ed4c-4b03-8a7e-a4e90bc4fc34,2023-03-27T06:45:14.000Z,admin,2,2023-03-27T06:45:14.000Z,admin,2,Siêu Thị Bách Hóa Xanh,sieuthi_vdms_covid19.xlsx,,"Đường Chiến Lược, Phường Bình Trị Đông, Quận Bình Tân, Thành Phố Hồ Chí Minh",Quận Bình Tân,,"{""type"":""Point"",""coordinates"":[106.61663,10.761971]}",Siêu Thị Bách Hóa Xanh
626c118f-9707-49bb-a36c-a5b4f305ea37,ICTHCM_HCM_SIEUTHI,/root/vdms/tangthu/data/gisp/icthcm/customdata/icthcm_hcm_sieuthi/7e9ce5c7-b573-4f35-a97d-b365aa4b33e0,2023-03-27T06:45:22.000Z,admin,2,2023-03-27T06:45:22.000Z,admin,2,Siêu Thị Metro - Lối Vào Khu Nhận Hàng,sieuthi_vdms_covid19.xlsx,,"Đường Số 21-Khu B, Phường An Phú, Quận 2, Thành Phố Hồ Chí Minh",Quận 2,,"{""type"":""Point"",""coordinates"":[106.742404,10.799417]}",Siêu Thị Metro - Lối Vào Khu Nhận Hàng
d648ed7b-8f2a-454c-9fd2-707a58a8aa51,ICTHCM_HCM_SIEUTHI,/root/vdms/tangthu/data/gisp/icthcm/customdata/icthcm_hcm_sieuthi/ef0195ca-920c-4ee4-a29a-60e7c7903110,2023-03-27T06:45:24.000Z,admin,2,2023-03-27T06:45:24.000Z,admin,2,Bách Hóa Xanh,sieuthi_vdms_covid19.xlsx,,"Đường Hà Thị Khiêm, Phường Trung Mỹ Tây, Quận 12, Thành Phố Hồ Chí Minh",Quận 12,,"{""type"":""Point"",""coordinates"":[106.624771,10.853207]}",Bách Hóa Xanh
19d2c498-de1b-48ff-a341-aef8cb0f250e,ICTHCM_HCM_SIEUTHI,/root/vdms/tangthu/data/gisp/icthcm/customdata/icthcm_hcm_sieuthi/e44237ad-b690-4093-9db1-293b208ed622,2023-03-27T06:45:26.000Z,admin,2,2023-03-27T06:45:26.000Z,admin,2,Mega Market,sieuthi_vdms_covid19.xlsx,,"Đường Bình Phú, Phường 11, Quận 6, Thành Phố Hồ Chí Minh",Quận 6,,"{""type"":""Point"",""coordinates"":[106.630167,10.742287]}",Mega Market
86a0c0cd-145f-4022-9882-b8491e7511cc,ICTHCM_HCM_SIEUTHI,/root/vdms/tangthu/data/gisp/icthcm/customdata/icthcm_hcm_sieuthi/0adfab72-f05e-4d18-b1b2-b2527bb48531,2023-03-27T06:45:31.000Z,admin,2,2023-03-27T06:45:31.000Z,admin,2,Thiên Hòa,sieuthi_vdms_covid19.xlsx,,"Đường Kinh Dương Vương, Phường An Lạc, Quận Bình Tân, Thành Phố Hồ Chí Minh",Quận Bình Tân,,"{""type"":""Point"",""coordinates"":[106.614353,10.736615]}",Thiên Hòa
826de01c-d017-4852-877a-6d3cc96f90cc,ICTHCM_HCM_SIEUTHI,/root/vdms/tangthu/data/gisp/icthcm/customdata/icthcm_hcm_sieuthi/66295e44-c1c5-4732-bff3-d85230baf788,2023-03-27T06:45:31.000Z,admin,2,2023-03-27T06:45:31.000Z,admin,2,Bách Hóa XANH,sieuthi_vdms_covid19.xlsx,,"Đường Trung Mỹ Tây 13A, Phường Trung Mỹ Tây, Quận 12, Thành Phố Hồ Chí Minh",Quận 12,,"{""type"":""Point"",""coordinates"":[106.615217,10.84569]}",Bách Hóa XANH
3199cf08-f5a4-4d40-9592-ad030bb79306,ICTHCM_HCM_SIEUTHI,/root/vdms/tangthu/data/gisp/icthcm/customdata/icthcm_hcm_sieuthi/2fdc1946-b648-4c8d-b56f-97d1d2686156,2023-03-27T06:45:39.000Z,admin,2,2023-03-27T06:45:39.000Z,admin,2,Central Mart,sieuthi_vdms_covid19.xlsx,,"628C, The Vista An Phú Xa Lộ Hà Nội, Phường An Phú, Quận 2, Thành Phố Hồ Chí Minh",Quận 2,,"{""type"":""Point"",""coordinates"":[106.75207,10.805158]}",Central Mart
859f2bf6-eab5-43a6-87e1-5c7ab31c6852,ICTHCM_HCM_SIEUTHI,/root/vdms/tangthu/data/gisp/icthcm/customdata/icthcm_hcm_sieuthi/6a802f07-1a3e-408e-a506-401b92ab2f5a,2023-03-27T06:45:44.000Z,admin,2,2023-03-27T06:45:44.000Z,admin,2,Co.op Lmile,sieuthi_vdms_covid19.xlsx,,"147 Đường Kinh Dương Vương, Phường 12, Quận 6, Thành Phố Hồ Chí Minh",Quận 6,,"{""type"":""Point"",""coordinates"":[106.628119,10.748977]}",Co.op Lmile
3c762048-25ab-4f90-9e6e-c9a19f8f060b,ICTHCM_HCM_SIEUTHI,/root/vdms/tangthu/data/gisp/icthcm/customdata/icthcm_hcm_sieuthi/f6d415a1-095c-4aeb-9417-ec002df80ac9,2023-03-27T06:45:45.000Z,admin,2,2023-03-27T06:45:45.000Z,admin,2,Siêu Thị Tiện Lợi Express,sieuthi_vdms_covid19.xlsx,,"379 Đường Trần Xuân Soạn, Phường Tân Kiểng, Quận 7, Thành Phố Hồ Chí Minh",Quận 7,,"{""type"":""Point"",""coordinates"":[106.712164,10.751792]}",Siêu Thị Tiện Lợi Express
baaf092f-5f91-402d-a136-306cd52b0808,ICTHCM_HCM_SIEUTHI,/root/vdms/tangthu/data/gisp/icthcm/customdata/icthcm_hcm_sieuthi/5bc54229-0b92-4cb4-b23e-ec6a2cbc040d,2023-03-27T06:45:48.000Z,admin,2,2023-03-27T06:45:48.000Z,admin,2,Siêu Thị 24g - Dealshop,sieuthi_vdms_covid19.xlsx,,"82A Đường Đoàn Hồng Phước, Phường Hòa Thạnh, Quận Tân Phú, Thành Phố Hồ Chí Minh",Quận Tân Phú,,"{""type"":""Point"",""coordinates"":[106.636314,10.777585]}",Siêu Thị 24g - Dealshop
ff70aa90-833f-49fd-be0f-d8ff6c5a98f2,ICTHCM_HCM_SIEUTHI,/root/vdms/tangthu/data/gisp/icthcm/customdata/icthcm_hcm_sieuthi/38da6cc4-505e-46cf-bf38-c54d1845957a,2023-03-27T06:46:01.000Z,admin,2,2023-03-27T06:46:01.000Z,admin,2,Siêu Thị Bách Hóa Xanh,sieuthi_vdms_covid19.xlsx,,"164-166 Đường Bùi Tư Toàn, Phường An Lạc, Quận Bình Tân, Thành Phố Hồ Chí Minh",Quận Bình Tân,,"{""type"":""Point"",""coordinates"":[106.618374,10.732273]}",Siêu Thị Bách Hóa Xanh
13df71a1-3cb5-4fc8-80ec-e9bc4307df0a,ICTHCM_HCM_SIEUTHI,/root/vdms/tangthu/data/gisp/icthcm/customdata/icthcm_hcm_sieuthi/919b96bb-6937-44a5-a478-8bab6f31e677,2023-03-27T06:46:02.000Z,admin,2,2023-03-27T06:46:02.000Z,admin,2,Cửa Hàng Tiện Lợi Citimart,sieuthi_vdms_covid19.xlsx,54101040,"S4-1 Hưng Vượng 3 Đường Bùi Bằng Đoàn, Phường Tân Phong, Quận 7, Thành Phố Hồ Chí Minh",Quận 7,,"{""type"":""Point"",""coordinates"":[106.708619,10.730025]}",Cửa Hàng Tiện Lợi Citimart
97d07654-f209-474b-a6a4-749483d1defb,ICTHCM_HCM_SIEUTHI,/root/vdms/tangthu/data/gisp/icthcm/customdata/icthcm_hcm_sieuthi/9ee5bac9-a8fe-48a1-9331-33d0191da0ac,2023-03-27T06:46:05.000Z,admin,2,2023-03-27T06:46:05.000Z,admin,2,Siêu Thị Rubymart,sieuthi_vdms_covid19.xlsx,,"Ruby Land, 4 (Số Cũ 58/4 Lũy Bán Bích) Đường Lê Quát, Phường Tân Thới Hòa, Quận Tân Phú, Thành Phố Hồ Chí Minh",Quận Tân Phú,,"{""type"":""Point"",""coordinates"":[106.633917,10.764054]}",Siêu Thị Rubymart
a2e0bc2d-5913-4cc5-afdc-1f8f59d7edad,ICTHCM_HCM_SIEUTHI,/root/vdms/tangthu/data/gisp/icthcm/customdata/icthcm_hcm_sieuthi/8120e325-a3cc-48e6-9b4d-092b7cfa02f4,2023-03-27T06:46:05.000Z,admin,2,2023-03-27T06:46:05.000Z,admin,2,Siêu Thị Điện Máy Xanh,sieuthi_vdms_covid19.xlsx,18001060,"451 Đường Lê Trọng Tấn, Phường Sơn Kỳ, Quận Tân Phú, Thành Phố Hồ Chí Minh",Quận Tân Phú,,"{""type"":""Point"",""coordinates"":[106.615237,10.809125]}",Siêu Thị Điện Máy Xanh
4920f5f7-1321-4b8a-af1e-3dfb3746ee19,ICTHCM_HCM_SIEUTHI,/root/vdms/tangthu/data/gisp/icthcm/customdata/icthcm_hcm_sieuthi/b8eaea95-1bb9-4cb8-b9ea-d7d6c30dc5ce,2023-03-27T06:46:16.000Z,admin,2,2023-03-27T06:46:16.000Z,admin,2,Bách Hóa Xanh,sieuthi_vdms_covid19.xlsx,,"Đường Phan Anh, Phường Hiệp Tân, Quận Tân Phú, Thành Phố Hồ Chí Minh",Quận Tân Phú,,"{""type"":""Point"",""coordinates"":[106.622289,10.770523]}",Bách Hóa Xanh
5cb067a9-329c-47be-a087-b47e2cd44376,ICTHCM_HCM_SIEUTHI,/root/vdms/tangthu/data/gisp/icthcm/customdata/icthcm_hcm_sieuthi/7c175e9c-feec-4d48-8eb4-6dd6f99ed2f3,2023-03-27T06:46:28.000Z,admin,2,2023-03-27T06:46:28.000Z,admin,2,Siêu Thị Mini Thành Nhân,sieuthi_vdms_covid19.xlsx,,"Đường Hiệp Bình, Phường Hiệp Bình Chánh, Quận Thủ Đức, Thành Phố Hồ Chí Minh",Quận Thủ Đức,,"{""type"":""Point"",""coordinates"":[106.731814,10.840099]}",Siêu Thị Mini Thành Nhân
32196b0b-0879-48b3-88a8-469cbc8b8534,ICTHCM_HCM_SIEUTHI,/root/vdms/tangthu/data/gisp/icthcm/customdata/icthcm_hcm_sieuthi/a8b0c8c8-393e-4457-a977-cdf802c6b6ea,2023-03-27T06:46:32.000Z,admin,2,2023-03-27T06:46:32.000Z,admin,2,Siêu Thị Co.opMart Xa Lộ Hà Nội,sieuthi_vdms_covid19.xlsx,37307233-37307240-37307234,"Đường Lê Văn Việt, Phường Hiệp Phú, Quận 9, Thành Phố Hồ Chí Minh",Quận 9,,"{""type"":""Point"",""coordinates"":[106.774519,10.848614]}",Siêu Thị Co.opMart Xa Lộ Hà Nội
dd6a0f78-daaf-48cf-8abf-2b1e6819666c,ICTHCM_HCM_SIEUTHI,/root/vdms/tangthu/data/gisp/icthcm/customdata/icthcm_hcm_sieuthi/88a57198-6e3b-43b8-9259-c9227e588e29,2023-03-27T06:46:38.000Z,admin,2,2023-03-27T06:46:38.000Z,admin,2,Siêu Thị Bách Hóa Xanh,sieuthi_vdms_covid19.xlsx,,"357 Đường Tân Hòa Đông, Phường Bình Trị Đông, Quận Bình Tân, Thành Phố Hồ Chí Minh",Quận Bình Tân,,"{""type"":""Point"",""coordinates"":[106.62047,10.763149]}",Siêu Thị Bách Hóa Xanh
8dc29bbb-f9e2-4606-87cb-05fe017f0652,ICTHCM_HCM_SIEUTHI,/root/vdms/tangthu/data/gisp/icthcm/customdata/icthcm_hcm_sieuthi/d70b8b22-826c-45a7-865c-7bff099e7861,2023-03-27T06:46:40.000Z,admin,2,2023-03-27T06:46:40.000Z,admin,2,Siêu Thị Vinatex,sieuthi_vdms_covid19.xlsx,38731438,"Đường Huỳnh Tấn Phát, Phường Tân Thuận Đông, Quận 7, Thành Phố Hồ Chí Minh",Quận 7,,"{""type"":""Point"",""coordinates"":[106.729807,10.742197]}",Siêu Thị Vinatex
b86cb347-c988-4c63-b9f9-4a916e802af1,ICTHCM_HCM_SIEUTHI,/root/vdms/tangthu/data/gisp/icthcm/customdata/icthcm_hcm_sieuthi/887d8bd8-c000-475e-b9b6-cbb26b413a4a,2023-03-27T06:46:41.000Z,admin,2,2023-03-27T06:46:41.000Z,admin,2,Siêu Thị Bình An,sieuthi_vdms_covid19.xlsx,,"Đường Đinh Bộ Lĩnh, Phường 26, Quận Bình Thạnh, Thành Phố Hồ Chí Minh",Quận Bình Thạnh,,"{""type"":""Point"",""coordinates"":[106.7107,10.815526]}",Siêu Thị Bình An
91eb10be-64dd-452e-a282-615b5a481556,ICTHCM_HCM_SIEUTHI,/root/vdms/tangthu/data/gisp/icthcm/customdata/icthcm_hcm_sieuthi/c87cb964-63b8-47fb-bfd8-d9968a678e95,2023-03-27T06:46:42.000Z,admin,2,2023-03-27T06:46:42.000Z,admin,2,Siêu Thị AEON Mall Bình Tân,sieuthi_vdms_covid19.xlsx,1900 636922,"1 Đường Số 17A, Phường Bình Trị Đông B, Quận Bình Tân, Thành Phố Hồ Chí Minh",Quận Bình Tân,,"{""type"":""Point"",""coordinates"":[106.61191,10.743637]}",Siêu Thị AEON Mall Bình Tân
42e8c1f2-6cd5-47e3-bbe8-9d677b8e7267,ICTHCM_HCM_SIEUTHI,/root/vdms/tangthu/data/gisp/icthcm/customdata/icthcm_hcm_sieuthi/b67a6efd-2f9c-47fd-9b8c-7f62c37ff922,2023-03-27T06:46:43.000Z,admin,2,2023-03-27T06:46:43.000Z,admin,2,Điện Máy Xanh,sieuthi_vdms_covid19.xlsx,,"Đường Phan Anh, Phường Hiệp Tân, Quận Tân Phú, Thành Phố Hồ Chí Minh",Quận Tân Phú,,"{""type"":""Point"",""coordinates"":[106.621631,10.773292]}",Điện Máy Xanh
322059c4-fa5d-4a32-bfc7-9f5cb0bacc6e,ICTHCM_HCM_SIEUTHI,/root/vdms/tangthu/data/gisp/icthcm/customdata/icthcm_hcm_sieuthi/0b8a458f-1e38-4d69-9522-b34a66fe2b30,2023-03-27T06:44:36.000Z,admin,2,2023-03-27T06:44:36.000Z,admin,2,Shop & Go,sieuthi_vdms_covid19.xlsx,,"14A Đường Tân Hóa, Phường 1, Quận 11, Thành Phố Hồ Chí Minh",Quận 11,,"{""type"":""Point"",""coordinates"":[106.637154,10.755779]}",Shop & Go
df881cf5-d7fa-4c12-9618-1af5afdd41a9,ICTHCM_HCM_SIEUTHI,/root/vdms/tangthu/data/gisp/icthcm/customdata/icthcm_hcm_sieuthi/ba00fe44-9cdf-4cb3-b4ec-659e13eeed6d,2023-03-27T06:44:36.000Z,admin,2,2023-03-27T06:44:36.000Z,admin,2,Co.op Mart An Đông,sieuthi_vdms_covid19.xlsx,0903731315,"Đường Nguyễn Duy Dương, Phường 9, Quận 5, Thành Phố Hồ Chí Minh",Quận 5,,"{""type"":""Point"",""coordinates"":[106.671328,10.759317]}",Co.op Mart An Đông
f400f5ab-9ef3-4908-8512-a1cd5f629a0b,ICTHCM_HCM_SIEUTHI,/root/vdms/tangthu/data/gisp/icthcm/customdata/icthcm_hcm_sieuthi/d458e33f-6453-4460-969a-a562b00023a5,2023-03-27T06:44:39.000Z,admin,2,2023-03-27T06:44:39.000Z,admin,2,Bách Hóa Xanh,sieuthi_vdms_covid19.xlsx,,"Đường Bình Trị Đông, Phường Bình Trị Đông, Quận Bình Tân, Thành Phố Hồ Chí Minh",Quận Bình Tân,,"{""type"":""Point"",""coordinates"":[106.609326,10.771924]}",Bách Hóa Xanh
e89ca96c-f8bd-4e36-8d19-0bdc40604e36,ICTHCM_HCM_SIEUTHI,/root/vdms/tangthu/data/gisp/icthcm/customdata/icthcm_hcm_sieuthi/9a538f2d-84bc-4497-8fbf-19adde0b1e70,2023-03-27T06:45:01.000Z,admin,2,2023-03-27T06:45:01.000Z,admin,2,Tokyo Mart,sieuthi_vdms_covid19.xlsx,,"10Bis Đường Cộng Hòa, Phường 4, Quận Tân Bình, Thành Phố Hồ Chí Minh",Quận Tân Bình,,"{""type"":""Point"",""coordinates"":[106.654246,10.801424]}",Tokyo Mart
15570767-0493-4821-a40b-7fe9f59e2658,ICTHCM_HCM_SIEUTHI,/root/vdms/tangthu/data/gisp/icthcm/customdata/icthcm_hcm_sieuthi/3d65c60c-36b9-4c7f-a27c-7814fd143c81,2023-03-27T06:45:03.000Z,admin,2,2023-03-27T06:45:03.000Z,admin,2,Co.op Food,sieuthi_vdms_covid19.xlsx,,"982 Đường Âu Cơ, Phường 14, Quận Tân Bình, Thành Phố Hồ Chí Minh",Quận Tân Bình,,"{""type"":""Point"",""coordinates"":[106.637737,10.797929]}",Co.op Food
e080d569-335e-4974-bfee-ba863b151993,ICTHCM_HCM_SIEUTHI,/root/vdms/tangthu/data/gisp/icthcm/customdata/icthcm_hcm_sieuthi/bc9face0-410a-40ca-8dce-b77c4b5c9849,2023-03-27T06:45:06.000Z,admin,2,2023-03-27T06:45:06.000Z,admin,2,VinMart,sieuthi_vdms_covid19.xlsx,,"174 Đường Nguyễn Thái Sơn, Phường 7, Quận Gò Vấp, Thành Phố Hồ Chí Minh",Quận Gò Vấp,,"{""type"":""Point"",""coordinates"":[106.689826,10.826863]}",VinMart
ed3c4614-bf65-4fc8-b80d-710feb6cf6c7,ICTHCM_HCM_SIEUTHI,/root/vdms/tangthu/data/gisp/icthcm/customdata/icthcm_hcm_sieuthi/c0e65721-8afe-4404-a5f6-f2ffd332dc9d,2023-03-27T06:45:06.000Z,admin,2,2023-03-27T06:45:06.000Z,admin,2,Annam Gourmer Market,sieuthi_vdms_covid19.xlsx,,"20 Đường Hai Bà Trưng, Phường Bến Nghé, Quận 1, Thành Phố Hồ Chí Minh",Quận 1,,"{""type"":""Point"",""coordinates"":[106.704969,10.776722]}",Annam Gourmer Market
8fa58edf-15a0-4058-9244-2915f046ed8e,ICTHCM_HCM_SIEUTHI,/root/vdms/tangthu/data/gisp/icthcm/customdata/icthcm_hcm_sieuthi/a971f20d-163d-463d-8892-eca91eedcc82,2023-03-27T06:45:08.000Z,admin,2,2023-03-27T06:45:08.000Z,admin,2,Siêu Thị Vinmart,sieuthi_vdms_covid19.xlsx,,"Đường Ni Sư Huỳnh Liên, Phường 10, Quận Tân Bình, Thành Phố Hồ Chí Minh",Quận Tân Bình,,"{""type"":""Point"",""coordinates"":[106.645263,10.7866]}",Siêu Thị Vinmart
c472cefa-db49-48a0-8f44-af104e7cdcc4,ICTHCM_HCM_SIEUTHI,/root/vdms/tangthu/data/gisp/icthcm/customdata/icthcm_hcm_sieuthi/53683abe-f95a-4b6f-8814-622bc15e1ade,2023-03-27T06:45:13.000Z,admin,2,2023-03-27T06:45:13.000Z,admin,2,Aeon Citimart,sieuthi_vdms_covid19.xlsx,,"647 (Số Cũ: 9) Đường Quang Trung, Phường 11, Quận Gò Vấp, Thành Phố Hồ Chí Minh",Quận Gò Vấp,,"{""type"":""Point"",""coordinates"":[106.660561,10.835788]}",Aeon Citimart
36f5484d-2ac1-4ec5-b595-a67b6cbb6e4c,ICTHCM_HCM_SIEUTHI,/root/vdms/tangthu/data/gisp/icthcm/customdata/icthcm_hcm_sieuthi/cd870cf3-4dad-4f5f-bb54-d387201dc086,2023-03-27T06:45:14.000Z,admin,2,2023-03-27T06:45:14.000Z,admin,2,Siêu Thị Co.op Mart,sieuthi_vdms_covid19.xlsx,38687007,"Chung Cư Phú Thọ, Khu A Đường Nguyễn Thị Nhỏ, Phường 15, Quận 11, Thành Phố Hồ Chí Minh",Quận 11,,"{""type"":""Point"",""coordinates"":[106.652741,10.770943]}",Siêu Thị Co.op Mart
9d490ab9-ef15-4988-9e9e-40241e111d76,ICTHCM_HCM_SIEUTHI,/root/vdms/tangthu/data/gisp/icthcm/customdata/icthcm_hcm_sieuthi/8d27cb49-f010-45cc-98ed-4ed65fb68e90,2023-03-27T06:45:19.000Z,admin,2,2023-03-27T06:45:19.000Z,admin,2,Citimart,sieuthi_vdms_covid19.xlsx,,"Garden Plaza 1, Đường Tôn Dật Tiên, Phường Tân Phong, Quận 7, Thành Phố Hồ Chí Minh",Quận 7,,"{""type"":""Point"",""coordinates"":[106.713277,10.72237]}",Citimart
5162d825-7b32-47d5-8f2e-154a299e53cf,ICTHCM_HCM_SIEUTHI,/root/vdms/tangthu/data/gisp/icthcm/customdata/icthcm_hcm_sieuthi/a220b7b6-dff0-4d1b-9a85-ff0487c1fb74,2023-03-27T06:45:20.000Z,admin,2,2023-03-27T06:45:20.000Z,admin,2,Siêu Thị - Nhà hàng Bình Trưng,sieuthi_vdms_covid19.xlsx,37432887-37432886,"1 Đường Số 5, Phường Bình Trưng Đông, Quận 2, Thành Phố Hồ Chí Minh",Quận 2,,"{""type"":""Point"",""coordinates"":[106.769242,10.789099]}",Siêu Thị - Nhà hàng Bình Trưng
24cc258d-1fc1-46dd-bf01-99d64d6ea278,ICTHCM_HCM_SIEUTHI,/root/vdms/tangthu/data/gisp/icthcm/customdata/icthcm_hcm_sieuthi/57a23af4-8b3a-44bf-8f71-62815f7e75b6,2023-03-27T06:45:21.000Z,admin,2,2023-03-27T06:45:21.000Z,admin,2,Nguyễn Kim,sieuthi_vdms_covid19.xlsx,,"Đường Số 2, Phường Bình Trị Đông B, Quận Bình Tân, Thành Phố Hồ Chí Minh",Quận Bình Tân,,"{""type"":""Point"",""coordinates"":[106.603462,10.729649]}",Nguyễn Kim
551fa90a-7f89-4e62-95ef-4c6341d3acaf,ICTHCM_HCM_SIEUTHI,/root/vdms/tangthu/data/gisp/icthcm/customdata/icthcm_hcm_sieuthi/cbeb4259-c0a8-416f-9a18-1635e6004f25,2023-03-27T06:45:44.000Z,admin,2,2023-03-27T06:45:44.000Z,admin,2,Siêu Thị Auchan,sieuthi_vdms_covid19.xlsx,,"654/6 Đường Lạc Long Quân, Phường 9, Quận Tân Bình, Thành Phố Hồ Chí Minh",Quận Tân Bình,,"{""type"":""Point"",""coordinates"":[106.649085,10.775362]}",Siêu Thị Auchan
ec985d71-1e27-4608-8456-eef511f42311,ICTHCM_HCM_SIEUTHI,/root/vdms/tangthu/data/gisp/icthcm/customdata/icthcm_hcm_sieuthi/0ee92185-1ba7-483c-8db9-d172185d67bc,2023-03-27T06:45:44.000Z,admin,2,2023-03-27T06:45:44.000Z,admin,2,H.A MART,sieuthi_vdms_covid19.xlsx,22191668,"60 Đường Số 39, Phường Tân Phong, Quận 7, Thành Phố Hồ Chí Minh",Quận 7,,"{""type"":""Point"",""coordinates"":[106.711367,10.736412]}",H.A MART
d3dfdde4-bcd1-4f7a-a813-f4661385e2c6,ICTHCM_HCM_SIEUTHI,/root/vdms/tangthu/data/gisp/icthcm/customdata/icthcm_hcm_sieuthi/0af970b7-69ac-4534-b3fd-8d2ef71b6ce6,2023-03-27T06:45:46.000Z,admin,2,2023-03-27T06:45:46.000Z,admin,2,Bách Hóa Xanh,sieuthi_vdms_covid19.xlsx,,"Đường Số 40, Phường Tân Tạo, Quận Bình Tân, Thành Phố Hồ Chí Minh",Quận Bình Tân,,"{""type"":""Point"",""coordinates"":[106.604174,10.75243]}",Bách Hóa Xanh
af8cd542-ab1a-4cdb-b640-3b415389a004,ICTHCM_HCM_SIEUTHI,/root/vdms/tangthu/data/gisp/icthcm/customdata/icthcm_hcm_sieuthi/cf70cf1d-ca6e-4892-9e4f-80cd126399f0,2023-03-27T06:45:51.000Z,admin,2,2023-03-27T06:45:51.000Z,admin,2,Family Mart,sieuthi_vdms_covid19.xlsx,,"204 Đường Nguyễn Xí, Phường 26, Quận Bình Thạnh, Thành Phố Hồ Chí Minh",Quận Bình Thạnh,,"{""type"":""Point"",""coordinates"":[106.706385,10.816842]}",Family Mart
e62ddf58-bf3f-432f-92f7-8e3692a3f595,ICTHCM_HCM_SIEUTHI,/root/vdms/tangthu/data/gisp/icthcm/customdata/icthcm_hcm_sieuthi/ff8a74a1-0e7f-4fa6-8df3-51f32e4ff05f,2023-03-27T06:46:00.000Z,admin,2,2023-03-27T06:46:00.000Z,admin,2,Bách Hóa Xanh,sieuthi_vdms_covid19.xlsx,,"Đường Trần Thanh Mại, Phường Tân Tạo A, Quận Bình Tân, Thành Phố Hồ Chí Minh",Quận Bình Tân,,"{""type"":""Point"",""coordinates"":[106.589272,10.756399]}",Bách Hóa Xanh
33cfb3a2-fecb-4676-8970-283af27e70c0,ICTHCM_HCM_SIEUTHI,/root/vdms/tangthu/data/gisp/icthcm/customdata/icthcm_hcm_sieuthi/c18c31f8-15a6-45da-8f58-6080291ecba8,2023-03-27T06:46:01.000Z,admin,2,2023-03-27T06:46:01.000Z,admin,2,Siêu Thị Citimart,sieuthi_vdms_covid19.xlsx,,"243 Đường Chu Văn An, Phường 12, Quận Bình Thạnh, Thành Phố Hồ Chí Minh",Quận Bình Thạnh,,"{""type"":""Point"",""coordinates"":[106.703326,10.810988]}",Siêu Thị Citimart
97380b89-1a2b-4e5a-ba9a-9c6aa3832538,ICTHCM_HCM_SIEUTHI,/root/vdms/tangthu/data/gisp/icthcm/customdata/icthcm_hcm_sieuthi/ca88ea6a-6034-4314-8b69-a174587d21e8,2023-03-27T06:46:08.000Z,admin,2,2023-03-27T06:46:08.000Z,admin,2,Siêu Thị Kim Cương,sieuthi_vdms_covid19.xlsx,38239246,"Lầu 3, 34 Đường Lê Duẩn, Phường Bến Nghé, Quận 1, Thành Phố Hồ Chí Minh",Quận 1,,"{""type"":""Point"",""coordinates"":[106.698703765869,10.7805440472907]}",Siêu Thị Kim Cương
16e56b88-29e9-4171-a195-b7bcdd443a98,ICTHCM_HCM_SIEUTHI,/root/vdms/tangthu/data/gisp/icthcm/customdata/icthcm_hcm_sieuthi/bf4d16db-fe75-4812-aca5-39ba426d8b49,2023-03-27T06:46:08.000Z,admin,2,2023-03-27T06:46:08.000Z,admin,2,Aeon - Citimart,sieuthi_vdms_covid19.xlsx,,"33 Đường Phan Huy Ích, Phường 15, Quận Tân Bình, Thành Phố Hồ Chí Minh",Quận Tân Bình,,"{""type"":""Point"",""coordinates"":[106.630475,10.824994]}",Aeon - Citimart
69f884ce-041e-4672-b362-7ab416a51c01,ICTHCM_HCM_SIEUTHI,/root/vdms/tangthu/data/gisp/icthcm/customdata/icthcm_hcm_sieuthi/dbaa6f85-31c8-4084-b6b7-b402c368e16a,2023-03-27T06:46:09.000Z,admin,2,2023-03-27T06:46:09.000Z,admin,2,Siêu Thị Big C,sieuthi_vdms_covid19.xlsx,,"Parkson Cantavil Đường Song Hành Xa Lộ Hà Nội, Phường An Phú, Quận 2, Thành Phố Hồ Chí Minh",Quận 2,,"{""type"":""Point"",""coordinates"":[106.74652,10.80176]}",Siêu Thị Big C
40d7e384-8b26-4fb9-aba0-fa7edc7a97a1,ICTHCM_HCM_SIEUTHI,/root/vdms/tangthu/data/gisp/icthcm/customdata/icthcm_hcm_sieuthi/9585c4e1-29b0-4d77-a89c-56441702fe33,2023-03-27T06:46:10.000Z,admin,2,2023-03-27T06:46:10.000Z,admin,2,Siêu Thị Điện Máy - Nội Thất Chợ Lớn,sieuthi_vdms_covid19.xlsx,,"Tầng Trệt Vitimart, Quốc Lộ 52, Phường Tân Phú, Quận 9, Thành Phố Hồ Chí Minh",Quận 9,,"{""type"":""Point"",""coordinates"":[106.803417,10.867053]}",Siêu Thị Điện Máy - Nội Thất Chợ Lớn
94754b94-1a72-4b63-94c0-9fd271a96b97,ICTHCM_HCM_SIEUTHI,/root/vdms/tangthu/data/gisp/icthcm/customdata/icthcm_hcm_sieuthi/2083d74f-4a07-475c-a58f-887a3fbfcf97,2023-03-27T06:46:12.000Z,admin,2,2023-03-27T06:46:12.000Z,admin,2,Siêu Thị Sài Gòn - Satra Mart,sieuthi_vdms_covid19.xlsx,,"460 Đường Ba Tháng Hai, Phường 12, Quận 10, Thành Phố Hồ Chí Minh",Quận 10,,"{""type"":""Point"",""coordinates"":[106.667778,10.768256]}",Siêu Thị Sài Gòn - Satra Mart
e57ca696-b696-40ea-b9c1-e6529a15b747,ICTHCM_HCM_SIEUTHI,/root/vdms/tangthu/data/gisp/icthcm/customdata/icthcm_hcm_sieuthi/1eb690a8-24e2-4863-bcc9-01288e7d6f79,2023-03-27T06:46:20.000Z,admin,2,2023-03-27T06:46:20.000Z,admin,2,Lucky Mart,sieuthi_vdms_covid19.xlsx,,"Samland Airport Building, 86 Đường Nguyên Hồng, Phường 1, Quận Gò Vấp, Thành Phố Hồ Chí Minh",Quận Gò Vấp,,"{""type"":""Point"",""coordinates"":[106.691671,10.818079]}",Lucky Mart
86946499-34ca-4958-83b0-6b2997a74885,ICTHCM_HCM_SIEUTHI,/root/vdms/tangthu/data/gisp/icthcm/customdata/icthcm_hcm_sieuthi/09a859d9-327c-4093-a6ec-7599a58b9eb8,2023-03-27T06:46:22.000Z,admin,2,2023-03-27T06:46:22.000Z,admin,2,Co.opmart,sieuthi_vdms_covid19.xlsx,,"189C Đường Cống Quỳnh, Phường Nguyễn Cư Trinh, Quận 1, Thành Phố Hồ Chí Minh",Quận 1,,"{""type"":""Point"",""coordinates"":[106.685927,10.767626]}",Co.opmart
c5a33f6e-1f3f-4505-8715-8980ea79ebac,ICTHCM_HCM_SIEUTHI,/root/vdms/tangthu/data/gisp/icthcm/customdata/icthcm_hcm_sieuthi/ee4b8e7a-8e98-4cf9-b468-96fce3229626,2023-03-27T06:46:27.000Z,admin,2,2023-03-27T06:46:27.000Z,admin,2,Siêu Thị VinMart,sieuthi_vdms_covid19.xlsx,,"Cư Xá Bình Thới Đường Số 2, Phường 8, Quận 11, Thành Phố Hồ Chí Minh",Quận 11,,"{""type"":""Point"",""coordinates"":[106.65005,10.762931]}",Siêu Thị VinMart
2bd5b603-7d54-4efe-a86c-be63ccf24ce0,ICTHCM_HCM_SIEUTHI,/root/vdms/tangthu/data/gisp/icthcm/customdata/icthcm_hcm_sieuthi/b8b4ba5c-6a1d-45c1-854a-cfbb08cd75d4,2023-03-27T06:46:28.000Z,admin,2,2023-03-27T06:46:28.000Z,admin,2,Siêu Thị Co.opMart Phú Mỹ Hưng,sieuthi_vdms_covid19.xlsx,54120084-54120085-5412008,"Khu Dân Cư Mỹ Phước Đường Nguyễn Văn Linh, Phường Tân Phong, Quận 7, Thành Phố Hồ Chí Minh",Quận 7,,"{""type"":""Point"",""coordinates"":[106.711332,10.728267]}",Siêu Thị Co.opMart Phú Mỹ Hưng
9b7c067f-4a1d-43a7-b74b-d7aa5c725bf5,ICTHCM_HCM_SIEUTHI,/root/vdms/tangthu/data/gisp/icthcm/customdata/icthcm_hcm_sieuthi/ba6639da-2918-407b-b0a6-e7537edf3764,2023-03-27T06:46:29.000Z,admin,2,2023-03-27T06:46:29.000Z,admin,2,Cửa Hàng Tiện Lợi - Citimart B & B,sieuthi_vdms_covid19.xlsx,,"B3-06 Khu Phố Nam Long 1 - Khu Phú Mỹ Hưng Đường Hà Huy Tập, Phường Tân Phong, Quận 7, Thành Phố Hồ Chí Minh",Quận 7,,"{""type"":""Point"",""coordinates"":[106.709859,10.726537]}",Cửa Hàng Tiện Lợi - Citimart B & B
a4131ebe-415b-49a5-8e9a-fe16431d5e32,ICTHCM_HCM_SIEUTHI,/root/vdms/tangthu/data/gisp/icthcm/customdata/icthcm_hcm_sieuthi/4d5f2f4a-b746-431e-a6ff-726f05e83548,2023-03-27T06:46:30.000Z,admin,2,2023-03-27T06:46:30.000Z,admin,2,Lotte Mart Nam Sài Gòn,sieuthi_vdms_covid19.xlsx,37718989,"469 Đường Nguyễn Hữu Thọ, Phường Tân Hưng, Quận 7, Thành Phố Hồ Chí Minh",Quận 7,,"{""type"":""Point"",""coordinates"":[106.70131324,10.74080594]}",Lotte Mart Nam Sài Gòn
ab695d00-1c37-4499-aca8-930dfdd5cd0e,ICTHCM_HCM_SIEUTHI,/root/vdms/tangthu/data/gisp/icthcm/customdata/icthcm_hcm_sieuthi/d41cfa9c-6b8e-4808-a2aa-841ebeafb023,2023-03-27T06:46:31.000Z,admin,2,2023-03-27T06:46:31.000Z,admin,2,Siêu Thị Tokyo Mart,sieuthi_vdms_covid19.xlsx,,"236K Đường Lê Văn Sỹ, Phường 1, Quận Tân Bình, Thành Phố Hồ Chí Minh",Quận Tân Bình,,"{""type"":""Point"",""coordinates"":[106.666595,10.795601]}",Siêu Thị Tokyo Mart
054e7970-2936-431e-8bb1-7148eb70d9fa,ICTHCM_HCM_SIEUTHI,/root/vdms/tangthu/data/gisp/icthcm/customdata/icthcm_hcm_sieuthi/84337cf0-a547-4c7f-826e-2dc9e13e993c,2023-03-27T06:46:37.000Z,admin,2,2023-03-27T06:46:37.000Z,admin,2,Siêu Thị Co.opMart Xa Lộ Hà Nội,sieuthi_vdms_covid19.xlsx,37307233-37307234,"191 Đường Quang Trung, Phường Hiệp Phú, Quận 9, Thành Phố Hồ Chí Minh",Quận 9,,"{""type"":""Point"",""coordinates"":[106.77470701,10.84830552]}",Siêu Thị Co.opMart Xa Lộ Hà Nội
bc5ea804-3bc6-4e3b-bc42-65ff19ce9ad0,ICTHCM_HCM_SIEUTHI,/root/vdms/tangthu/data/gisp/icthcm/customdata/icthcm_hcm_sieuthi/65bb1f82-c0de-4442-ad42-8dd7c3a60e0b,2023-03-27T06:46:40.000Z,admin,2,2023-03-27T06:46:40.000Z,admin,2,"Siêu Thị Mẹ Và Bé Gò Vấp
Mẹ & Bé",sieuthi_vdms_covid19.xlsx,,"410 Đường Nguyễn Oanh, Phường 7, Quận Gò Vấp, Thành Phố Hồ Chí Minh",Quận Gò Vấp,,"{""type"":""Point"",""coordinates"":[106.680209,10.826508]}","Siêu Thị Mẹ Và Bé Gò Vấp
Mẹ & Bé"
29e9a2a4-c799-409b-a7af-42059c0451d4,ICTHCM_HCM_SIEUTHI,/root/vdms/tangthu/data/gisp/icthcm/customdata/icthcm_hcm_sieuthi/2c85fdaf-95a0-489e-bd51-5ba6eeb61d41,2023-03-27T06:46:41.000Z,admin,2,2023-03-27T06:46:41.000Z,admin,2,Siêu Thị Metro,sieuthi_vdms_covid19.xlsx,,"Đường Song Hành Xa Lộ Hà Nội, Phường An Phú, Quận 2, Thành Phố Hồ Chí Minh",Quận 2,,"{""type"":""Point"",""coordinates"":[106.743059,10.801056]}",Siêu Thị Metro
755a45c8-8969-4b34-8ba2-c1e851057bb0,ICTHCM_HCM_SIEUTHI,/root/vdms/tangthu/data/gisp/icthcm/customdata/icthcm_hcm_sieuthi/e069a086-8f3b-404c-b2bb-4f379dbcd0de,2023-03-27T06:46:45.000Z,admin,2,2023-03-27T06:46:45.000Z,admin,2,Bách Hóa Xanh,sieuthi_vdms_covid19.xlsx,,"15 Đường Số 1, Phường Bình Hưng Hòa A, Quận Bình Tân, Thành Phố Hồ Chí Minh",Quận Bình Tân,,"{""type"":""Point"",""coordinates"":[106.619426,10.78025]}",Bách Hóa Xanh
